Date,Sender,Subject,Body
6/23/2020 18:28:33,Rukus Cycling Studios - ATL Beltline <atlbeltline@rukusfranchise.com>,Rukus | Ride Results,"

RukusPrime 
Jun 23rd 5:45 PM @ 5:45 PM 
437
CALORIES
272
POINTS 
5
RANK
10.2mi
DISTANCE (MI) 
71 / 134
AVG/MAX RPM
112 / 276
AVG/MAX WATTS 
17.0 / 24.6
AVG/MAX mph
0 / 0
AVG/MAX HR 
MINUTES IN RPM ZONES 
0
ZONE 1
20
ZONE 2
8
ZONE 3
15
ZONE 4
0
ZONE 5 
SHARE RESULTS 
<https://www.facebook.com/dialog/share?app_id=957944997560473&display=popup&redirect_uri=https%3A%2F%2Fwww.fitmetrix.io%2FWebPortal%2FSocialResults%3FID=0c47c143-f6fd-e611-9464-0e0c69fd6629%26pa=133599480&href=https%3A%2F%2Fwww.fitmetrix.io%2FWebPortal%2FSocialResults%3FID=0c47c143-f6fd-e611-9464-0e0c69fd6629%26pa=133599480&picture=https%3A%2F%2Fwww.fitmetrix.io%2Fimages%2Fsocial%2Fsharing.png&caption=Rukus+-+ATL+Beltline&description=I%20just%20burned%20437%20calories%20in%2043%20minutes%20working%20out%20at%20Rukus 
Cycling Studios%20Rukus - ATL Beltline.> 
BOOK A CLASS <https://gocyclenow.com> 

SPRINT PONTS RANK
1st: 45 sec 4 4
2nd: 30 sec 3 5
3rd: [SPRINT3TIME] sec [SPRINT3POINTS] [SPRINT3RANK] 

[image: Rate Justin]
RATE YOUR CYCLEPRO
Justin
<https://www.fitmetrix.io/WebPortal/InstructorRating?r=1&id=133599480&iid=338771&n=Justin> 
<https://www.fitmetrix.io/WebPortal/InstructorRating?r=2&id=133599480&iid=338771&n=Justin> 
<https://www.fitmetrix.io/WebPortal/InstructorRating?r=3&id=133599480&iid=338771&n=Justin> 
<https://www.fitmetrix.io/WebPortal/InstructorRating?r=4&id=133599480&iid=338771&n=Justin> 
<https://www.fitmetrix.io/WebPortal/InstructorRating?r=5&id=133599480&iid=338771&n=Justin> 

WEEKLY TOTALS
409/1229
AVG / MAX CAL
2h 10m
TOTAL WORKOUT TIME
MONTHLY TOTALS
358/1793
AVG / MAX CAL
3h 35m
TOTAL WORKOUT TIME
https://gocyclenow.com • (470) 260-7746 <+1(470) 260-7746> • 
atlbeltline@rukusfranchise.com 
<https://www.facebook.com/RukusBeltLine/> 
<https://www.instagram.com/rukusbeltline> <https://twitter.com/GoCycleNow>"
6/28/2020 10:42:32,Rukus Cycling Studios - ATL Beltline <atlbeltline@rukusfranchise.com>,Rukus | Ride Results,"

RukusPrime 
Jun 28th 10:00 AM @ 10:00 AM 
325
CALORIES
205
POINTS 
3
RANK
10.7mi
DISTANCE (MI) 
65 / 119
AVG/MAX RPM
86 / 198
AVG/MAX WATTS 
16.0 / 25.1
AVG/MAX mph
0 / 0
AVG/MAX HR 
MINUTES IN RPM ZONES 
0
ZONE 1
25
ZONE 2
7
ZONE 3
8
ZONE 4
0
ZONE 5 
SHARE RESULTS 
<https://www.facebook.com/dialog/share?app_id=957944997560473&display=popup&redirect_uri=https%3A%2F%2Fwww.fitmetrix.io%2FWebPortal%2FSocialResults%3FID=0c47c143-f6fd-e611-9464-0e0c69fd6629%26pa=133877665&href=https%3A%2F%2Fwww.fitmetrix.io%2FWebPortal%2FSocialResults%3FID=0c47c143-f6fd-e611-9464-0e0c69fd6629%26pa=133877665&picture=https%3A%2F%2Fwww.fitmetrix.io%2Fimages%2Fsocial%2Fsharing.png&caption=Rukus+-+ATL+Beltline&description=I%20just%20burned%20325%20calories%20in%2042%20minutes%20working%20out%20at%20Rukus 
Cycling Studios%20Rukus - ATL Beltline.> 
BOOK A CLASS <https://gocyclenow.com> 

SPRINT PONTS RANK
1st: 30 sec 2 5
2nd: 30 sec 2 4
3rd: [SPRINT3TIME] sec [SPRINT3POINTS] [SPRINT3RANK] 

[image: Rate Sam]
RATE YOUR CYCLEPRO
Sam
<https://www.fitmetrix.io/WebPortal/InstructorRating?r=1&id=133877665&iid=382939&n=Sam> 
<https://www.fitmetrix.io/WebPortal/InstructorRating?r=2&id=133877665&iid=382939&n=Sam> 
<https://www.fitmetrix.io/WebPortal/InstructorRating?r=3&id=133877665&iid=382939&n=Sam> 
<https://www.fitmetrix.io/WebPortal/InstructorRating?r=4&id=133877665&iid=382939&n=Sam> 
<https://www.fitmetrix.io/WebPortal/InstructorRating?r=5&id=133877665&iid=382939&n=Sam> 

WEEKLY TOTALS
371/1113
AVG / MAX CAL
2h 7m
TOTAL WORKOUT TIME
MONTHLY TOTALS
353/2118
AVG / MAX CAL
4h 17m
TOTAL WORKOUT TIME
https://gocyclenow.com • (470) 260-7746 <+1(470) 260-7746> • 
atlbeltline@rukusfranchise.com 
<https://www.facebook.com/RukusBeltLine/> 
<https://www.instagram.com/rukusbeltline> <https://twitter.com/GoCycleNow>"
7/12/2020 10:42,Rukus Cycling Studios - ATL Beltline <atlbeltline@rukusfranchise.com>,Rukus | Ride Results,"

RukusPrime 
Jul 12th 10:00 AM @ 10:00 AM 
463
CALORIES
288
POINTS 
3
RANK
12.4mi
DISTANCE (MI) 
69 / 131
AVG/MAX RPM
122 / 232
AVG/MAX WATTS 
18.0 / 23.2
AVG/MAX mph
0 / 0
AVG/MAX HR 
MINUTES IN RPM ZONES 
0
ZONE 1
24
ZONE 2
6
ZONE 3
11
ZONE 4
0
ZONE 5 
SHARE RESULTS 
<https://www.facebook.com/dialog/share?app_id=957944997560473&display=popup&redirect_uri=https%3A%2F%2Fwww.fitmetrix.io%2FWebPortal%2FSocialResults%3FID=0c47c143-f6fd-e611-9464-0e0c69fd6629%26pa=134720551&href=https%3A%2F%2Fwww.fitmetrix.io%2FWebPortal%2FSocialResults%3FID=0c47c143-f6fd-e611-9464-0e0c69fd6629%26pa=134720551&picture=https%3A%2F%2Fwww.fitmetrix.io%2Fimages%2Fsocial%2Fsharing.png&caption=Rukus+-+ATL+Beltline&description=I%20just%20burned%20463%20calories%20in%2042%20minutes%20working%20out%20at%20Rukus 
Cycling Studios%20Rukus - ATL Beltline.> 
BOOK A CLASS <https://gocyclenow.com> 

SPRINT PONTS RANK
1st: 30 sec 3 5
2nd: 30 sec 2 5
3rd: [SPRINT3TIME] sec [SPRINT3POINTS] [SPRINT3RANK] 

[image: Rate Sam]
RATE YOUR CYCLEPRO
Sam
<https://www.fitmetrix.io/WebPortal/InstructorRating?r=1&id=134720551&iid=382939&n=Sam> 
<https://www.fitmetrix.io/WebPortal/InstructorRating?r=2&id=134720551&iid=382939&n=Sam> 
<https://www.fitmetrix.io/WebPortal/InstructorRating?r=3&id=134720551&iid=382939&n=Sam> 
<https://www.fitmetrix.io/WebPortal/InstructorRating?r=4&id=134720551&iid=382939&n=Sam> 
<https://www.fitmetrix.io/WebPortal/InstructorRating?r=5&id=134720551&iid=382939&n=Sam> 

WEEKLY TOTALS
390/1171
AVG / MAX CAL
1h 51m
TOTAL WORKOUT TIME
MONTHLY TOTALS
313/2506
AVG / MAX CAL
4h 43m
TOTAL WORKOUT TIME
https://gocyclenow.com • (470) 260-7746 <+1(470) 260-7746> • 
atlbeltline@rukusfranchise.com 
<https://www.facebook.com/RukusBeltLine/> 
<https://www.instagram.com/rukusbeltline> <https://twitter.com/GoCycleNow>"
8/26/2020 19:35:12,Rukus Cycling Studios - ATL Beltline <atlbeltline@rukusfranchise.com>,Rukus | Ride Results,"

EXPLICIT | Roddy Ricch vs Rod Wave - RukusPrime
Aug 26th 7:00 PM @ 7:00 PM 
395
CALORIES
246
POINTS 
3
RANK
10.6mi
DISTANCE (MI) 
61 / 112
AVG/MAX RPM
126 / 212
AVG/MAX WATTS 
18.0 / 22.4
AVG/MAX mph
0 / 0
AVG/MAX HR 
MINUTES IN RPM ZONES 
5
ZONE 1
18
ZONE 2
4
ZONE 3
7
ZONE 4
0
ZONE 5 
SHARE RESULTS 
<https://www.facebook.com/dialog/share?app_id=957944997560473&display=popup&redirect_uri=https%3A%2F%2Fwww.fitmetrix.io%2FWebPortal%2FSocialResults%3FID=0c47c143-f6fd-e611-9464-0e0c69fd6629%26pa=137776960&href=https%3A%2F%2Fwww.fitmetrix.io%2FWebPortal%2FSocialResults%3FID=0c47c143-f6fd-e611-9464-0e0c69fd6629%26pa=137776960&picture=https%3A%2F%2Fwww.fitmetrix.io%2Fimages%2Fsocial%2Fsharing.png&caption=Rukus+-+ATL+Beltline&description=I%20just%20burned%20395%20calories%20in%2035%20minutes%20working%20out%20at%20Rukus 
Cycling Studios%20Rukus - ATL Beltline.> 
BOOK A CLASS <https://gocyclenow.com> 

SPRINT PONTS RANK
1st: 30 sec 3 3
2nd: 30 sec 2 11
3rd: [SPRINT3TIME] sec [SPRINT3POINTS] [SPRINT3RANK] 

[image: Rate Rod]
RATE YOUR CYCLEPRO
Rod
<https://www.fitmetrix.io/WebPortal/InstructorRating?r=1&id=137776960&iid=407089&n=Rod> 
<https://www.fitmetrix.io/WebPortal/InstructorRating?r=2&id=137776960&iid=407089&n=Rod> 
<https://www.fitmetrix.io/WebPortal/InstructorRating?r=3&id=137776960&iid=407089&n=Rod> 
<https://www.fitmetrix.io/WebPortal/InstructorRating?r=4&id=137776960&iid=407089&n=Rod> 
<https://www.fitmetrix.io/WebPortal/InstructorRating?r=5&id=137776960&iid=407089&n=Rod> 

WEEKLY TOTALS
413/827
AVG / MAX CAL
1h 18m
TOTAL WORKOUT TIME
MONTHLY TOTALS
424/2544
AVG / MAX CAL
4h 4m
TOTAL WORKOUT TIME
https://gocyclenow.com • (470) 260-7746 <+1(470) 260-7746> • 
atlbeltline@rukusfranchise.com 
<https://www.facebook.com/RukusBeltLine/> 
<https://www.instagram.com/rukusbeltline> <https://twitter.com/GoCycleNow>"
9/01/2020 18:26,Rukus Cycling Studios - ATL Beltline <atlbeltline@rukusfranchise.com>,Rukus | Ride Results,"

RukusPrime
Sep 1st 5:45 PM @ 5:45 PM 
461
CALORIES
283
POINTS 
4
RANK
11.9mi
DISTANCE (MI) 
57 / 110
AVG/MAX RPM
126 / 242
AVG/MAX WATTS 
18.0 / 23.5
AVG/MAX mph
0 / 0
AVG/MAX HR 
MINUTES IN RPM ZONES 
5
ZONE 1
25
ZONE 2
2
ZONE 3
7
ZONE 4
0
ZONE 5 
SHARE RESULTS 
<https://www.facebook.com/dialog/share?app_id=957944997560473&display=popup&redirect_uri=https%3A%2F%2Fwww.fitmetrix.io%2FWebPortal%2FSocialResults%3FID=0c47c143-f6fd-e611-9464-0e0c69fd6629%26pa=138251388&href=https%3A%2F%2Fwww.fitmetrix.io%2FWebPortal%2FSocialResults%3FID=0c47c143-f6fd-e611-9464-0e0c69fd6629%26pa=138251388&picture=https%3A%2F%2Fwww.fitmetrix.io%2Fimages%2Fsocial%2Fsharing.png&caption=Rukus+-+ATL+Beltline&description=I%20just%20burned%20461%20calories%20in%2040%20minutes%20working%20out%20at%20Rukus 
Cycling Studios%20Rukus - ATL Beltline.> 
BOOK A CLASS <https://gocyclenow.com> 

SPRINT PONTS RANK
1st: 30 sec 3 4
2nd: 30 sec 2 5
3rd: [SPRINT3TIME] sec [SPRINT3POINTS] [SPRINT3RANK] 

[image: Rate Justin]
RATE YOUR CYCLEPRO
Justin
<https://www.fitmetrix.io/WebPortal/InstructorRating?r=1&id=138251388&iid=338771&n=Justin> 
<https://www.fitmetrix.io/WebPortal/InstructorRating?r=2&id=138251388&iid=338771&n=Justin> 
<https://www.fitmetrix.io/WebPortal/InstructorRating?r=3&id=138251388&iid=338771&n=Justin> 
<https://www.fitmetrix.io/WebPortal/InstructorRating?r=4&id=138251388&iid=338771&n=Justin> 
<https://www.fitmetrix.io/WebPortal/InstructorRating?r=5&id=138251388&iid=338771&n=Justin> 

WEEKLY TOTALS
395/1186
AVG / MAX CAL
1h 46m
TOTAL WORKOUT TIME
MONTHLY TOTALS
409/2868
AVG / MAX CAL
4h 32m
TOTAL WORKOUT TIME
https://gocyclenow.com • (470) 260-7746 <+1(470) 260-7746> • 
atlbeltline@rukusfranchise.com 
<https://www.facebook.com/RukusBeltLine/> 
<https://www.instagram.com/rukusbeltline> <https://twitter.com/GoCycleNow>"
9/09/2020 18:26,Rukus Cycling Studios - ATL Beltline <atlbeltline@rukusfranchise.com>,Rukus | Ride Results,"

RukusPrime
Sep 9th 5:45 PM @ 5:45 PM 
467
CALORIES
292
POINTS 
6
RANK
12.4mi
DISTANCE (MI) 
57 / 104
AVG/MAX RPM
127 / 222
AVG/MAX WATTS 
18.0 / 22.8
AVG/MAX mph
0 / 0
AVG/MAX HR 
MINUTES IN RPM ZONES 
4
ZONE 1
24
ZONE 2
6
ZONE 3
5
ZONE 4
0
ZONE 5 
SHARE RESULTS 
<https://www.facebook.com/dialog/share?app_id=957944997560473&display=popup&redirect_uri=https%3A%2F%2Fwww.fitmetrix.io%2FWebPortal%2FSocialResults%3FID=0c47c143-f6fd-e611-9464-0e0c69fd6629%26pa=138904170&href=https%3A%2F%2Fwww.fitmetrix.io%2FWebPortal%2FSocialResults%3FID=0c47c143-f6fd-e611-9464-0e0c69fd6629%26pa=138904170&picture=https%3A%2F%2Fwww.fitmetrix.io%2Fimages%2Fsocial%2Fsharing.png&caption=Rukus+-+ATL+Beltline&description=I%20just%20burned%20467%20calories%20in%2041%20minutes%20working%20out%20at%20Rukus 
Cycling Studios%20Rukus - ATL Beltline.> 
BOOK A CLASS <https://gocyclenow.com> 

SPRINT PONTS RANK
1st: 20 sec 2 11
2nd: 30 sec 2 10
3rd: [SPRINT3TIME] sec [SPRINT3POINTS] [SPRINT3RANK] 

[image: Rate Sam]
RATE YOUR CYCLEPRO
Sam
<https://www.fitmetrix.io/WebPortal/InstructorRating?r=1&id=138904170&iid=382939&n=Sam> 
<https://www.fitmetrix.io/WebPortal/InstructorRating?r=2&id=138904170&iid=382939&n=Sam> 
<https://www.fitmetrix.io/WebPortal/InstructorRating?r=3&id=138904170&iid=382939&n=Sam> 
<https://www.fitmetrix.io/WebPortal/InstructorRating?r=4&id=138904170&iid=382939&n=Sam> 
<https://www.fitmetrix.io/WebPortal/InstructorRating?r=5&id=138904170&iid=382939&n=Sam> 

WEEKLY TOTALS
458/917
AVG / MAX CAL
1h 22m
TOTAL WORKOUT TIME
MONTHLY TOTALS
416/3335
AVG / MAX CAL
5h 12m
TOTAL WORKOUT TIME
https://gocyclenow.com • (470) 260-7746 <+1(470) 260-7746> • 
atlbeltline@rukusfranchise.com 
<https://www.facebook.com/RukusBeltLine/> 
<https://www.instagram.com/rukusbeltline> <https://twitter.com/GoCycleNow>"
9/15/2020 19:47:13,Rukus Cycling Studios - ATL Beltline <atlbeltline@rukusfranchise.com>,Rukus | Ride Results,"

EXPLICIT | Tuesday w/ T.I. + T-Pain - RukusPrime 
Sep 15th 7:00 PM @ 7:00 PM 
550
CALORIES
341
POINTS 
5
RANK
13.9mi
DISTANCE (MI) 
57 / 105
AVG/MAX RPM
129 / 244
AVG/MAX WATTS 
19.0 / 23.6
AVG/MAX mph
0 / 0
AVG/MAX HR 
MINUTES IN RPM ZONES 
5
ZONE 1
28
ZONE 2
8
ZONE 3
5
ZONE 4
0
ZONE 5 
SHARE RESULTS 
<https://www.facebook.com/dialog/share?app_id=957944997560473&display=popup&redirect_uri=https%3A%2F%2Fwww.fitmetrix.io%2FWebPortal%2FSocialResults%3FID=0c47c143-f6fd-e611-9464-0e0c69fd6629%26pa=139367775&href=https%3A%2F%2Fwww.fitmetrix.io%2FWebPortal%2FSocialResults%3FID=0c47c143-f6fd-e611-9464-0e0c69fd6629%26pa=139367775&picture=https%3A%2F%2Fwww.fitmetrix.io%2Fimages%2Fsocial%2Fsharing.png&caption=Rukus+-+ATL+Beltline&description=I%20just%20burned%20550%20calories%20in%2047%20minutes%20working%20out%20at%20Rukus 
Cycling Studios%20Rukus - ATL Beltline.> 
BOOK A CLASS <https://gocyclenow.com> 

SPRINT PONTS RANK
1st: 30 sec 2 10
2nd: 30 sec 3 10
3rd: [SPRINT3TIME] sec [SPRINT3POINTS] [SPRINT3RANK] 

[image: Rate Jess]
RATE YOUR CYCLEPRO
Jess
<https://www.fitmetrix.io/WebPortal/InstructorRating?r=1&id=139367775&iid=338775&n=Jess> 
<https://www.fitmetrix.io/WebPortal/InstructorRating?r=2&id=139367775&iid=338775&n=Jess> 
<https://www.fitmetrix.io/WebPortal/InstructorRating?r=3&id=139367775&iid=338775&n=Jess> 
<https://www.fitmetrix.io/WebPortal/InstructorRating?r=4&id=139367775&iid=338775&n=Jess> 
<https://www.fitmetrix.io/WebPortal/InstructorRating?r=5&id=139367775&iid=338775&n=Jess> 

WEEKLY TOTALS
508/1017
AVG / MAX CAL
1h 28m
TOTAL WORKOUT TIME
MONTHLY TOTALS
441/3528
AVG / MAX CAL
5h 20m
TOTAL WORKOUT TIME
https://gocyclenow.com • (470) 260-7746 <+1(470) 260-7746> • 
atlbeltline@rukusfranchise.com 
<https://www.facebook.com/RukusBeltLine/> 
<https://www.instagram.com/rukusbeltline> <https://twitter.com/GoCycleNow>"
9/20/2020 11:11:39,Rukus Cycling Studios - ATL Beltline <atlbeltline@rukusfranchise.com>,Rukus | Ride Results,"

RukusPrime
Sep 20th 10:30 AM @ 10:30 AM 
508
CALORIES
316
POINTS 
3
RANK
13.0mi
DISTANCE (MI) 
52 / 114
AVG/MAX RPM
136 / 225
AVG/MAX WATTS 
19.0 / 22.9
AVG/MAX mph
0 / 0
AVG/MAX HR 
MINUTES IN RPM ZONES 
10
ZONE 1
24
ZONE 2
4
ZONE 3
2
ZONE 4
0
ZONE 5 
SHARE RESULTS 
<https://www.facebook.com/dialog/share?app_id=957944997560473&display=popup&redirect_uri=https%3A%2F%2Fwww.fitmetrix.io%2FWebPortal%2FSocialResults%3FID=0c47c143-f6fd-e611-9464-0e0c69fd6629%26pa=139689585&href=https%3A%2F%2Fwww.fitmetrix.io%2FWebPortal%2FSocialResults%3FID=0c47c143-f6fd-e611-9464-0e0c69fd6629%26pa=139689585&picture=https%3A%2F%2Fwww.fitmetrix.io%2Fimages%2Fsocial%2Fsharing.png&caption=Rukus+-+ATL+Beltline&description=I%20just%20burned%20508%20calories%20in%2041%20minutes%20working%20out%20at%20Rukus 
Cycling Studios%20Rukus - ATL Beltline.> 
BOOK A CLASS <https://gocyclenow.com> 

SPRINT PONTS RANK
1st: 20 sec 2 8
2nd: 20 sec 2 6
3rd: [SPRINT3TIME] sec [SPRINT3POINTS] [SPRINT3RANK] 

[image: Rate Rod]
RATE YOUR CYCLEPRO
Rod
<https://www.fitmetrix.io/WebPortal/InstructorRating?r=1&id=139689585&iid=407089&n=Rod> 
<https://www.fitmetrix.io/WebPortal/InstructorRating?r=2&id=139689585&iid=407089&n=Rod> 
<https://www.fitmetrix.io/WebPortal/InstructorRating?r=3&id=139689585&iid=407089&n=Rod> 
<https://www.fitmetrix.io/WebPortal/InstructorRating?r=4&id=139689585&iid=407089&n=Rod> 
<https://www.fitmetrix.io/WebPortal/InstructorRating?r=5&id=139689585&iid=407089&n=Rod> 

WEEKLY TOTALS
529/1058
AVG / MAX CAL
1h 29m
TOTAL WORKOUT TIME
MONTHLY TOTALS
451/3161
AVG / MAX CAL
4h 37m
TOTAL WORKOUT TIME
https://gocyclenow.com • (470) 260-7746 <+1(470) 260-7746> • 
atlbeltline@rukusfranchise.com 
<https://www.facebook.com/RukusBeltLine/> 
<https://www.instagram.com/rukusbeltline> <https://twitter.com/GoCycleNow>"
10/11/2020 11:13,Rukus Cycling Studios - ATL Beltline <atlbeltline@rukusfranchise.com>,Rukus | Ride Results,"

RukusPrime
Oct 11th 10:30 AM @ 10:30 AM 
493
CALORIES
306
POINTS 
3
RANK
12.5mi
DISTANCE (MI) 
51 / 105
AVG/MAX RPM
130 / 238
AVG/MAX WATTS 
19.0 / 23.4
AVG/MAX mph
0 / 0
AVG/MAX HR 
MINUTES IN RPM ZONES 
8
ZONE 1
29
ZONE 2
1
ZONE 3
2
ZONE 4
0
ZONE 5 
SHARE RESULTS 
<https://www.facebook.com/dialog/share?app_id=957944997560473&display=popup&redirect_uri=https%3A%2F%2Fwww.fitmetrix.io%2FWebPortal%2FSocialResults%3FID=0c47c143-f6fd-e611-9464-0e0c69fd6629%26pa=141595788&href=https%3A%2F%2Fwww.fitmetrix.io%2FWebPortal%2FSocialResults%3FID=0c47c143-f6fd-e611-9464-0e0c69fd6629%26pa=141595788&picture=https%3A%2F%2Fwww.fitmetrix.io%2Fimages%2Fsocial%2Fsharing.png&caption=Rukus+-+ATL+Beltline&description=I%20just%20burned%20493%20calories%20in%2042%20minutes%20working%20out%20at%20Rukus 
Cycling Studios%20Rukus - ATL Beltline.> 
BOOK A CLASS <https://gocyclenow.com> 

SPRINT PONTS RANK
1st: 20 sec 2 3
2nd: 30 sec 2 7
3rd: [SPRINT3TIME] sec [SPRINT3POINTS] [SPRINT3RANK] 

[image: Rate Rod]
RATE YOUR CYCLEPRO
Rod
<https://www.fitmetrix.io/WebPortal/InstructorRating?r=1&id=141595788&iid=407089&n=Rod> 
<https://www.fitmetrix.io/WebPortal/InstructorRating?r=2&id=141595788&iid=407089&n=Rod> 
<https://www.fitmetrix.io/WebPortal/InstructorRating?r=3&id=141595788&iid=407089&n=Rod> 
<https://www.fitmetrix.io/WebPortal/InstructorRating?r=4&id=141595788&iid=407089&n=Rod> 
<https://www.fitmetrix.io/WebPortal/InstructorRating?r=5&id=141595788&iid=407089&n=Rod> 

WEEKLY TOTALS
504/1008
AVG / MAX CAL
1h 24m
TOTAL WORKOUT TIME
MONTHLY TOTALS
517/2585
AVG / MAX CAL
3h 35m
TOTAL WORKOUT TIME
https://gocyclenow.com • (470) 260-7746 <+1(470) 260-7746> • 
atlbeltline@rukusfranchise.com 
<https://www.facebook.com/RukusBeltLine/> 
<https://www.instagram.com/rukusbeltline> <https://twitter.com/GoCycleNow>"
10/13/2020 18:27:52,Rukus Cycling Studios - ATL Beltline <atlbeltline@rukusfranchise.com>,Rukus | Ride Results,"

RukusPrime
Oct 13th 5:45 PM @ 5:45 PM 
507
CALORIES
315
POINTS 
4
RANK
13.4mi
DISTANCE (MI) 
53 / 87
AVG/MAX RPM
134 / 223
AVG/MAX WATTS 
19.0 / 22.8
AVG/MAX mph
0 / 0
AVG/MAX HR 
MINUTES IN RPM ZONES 
3
ZONE 1
32
ZONE 2
4
ZONE 3
1
ZONE 4
0
ZONE 5 
SHARE RESULTS 
<https://www.facebook.com/dialog/share?app_id=957944997560473&display=popup&redirect_uri=https%3A%2F%2Fwww.fitmetrix.io%2FWebPortal%2FSocialResults%3FID=0c47c143-f6fd-e611-9464-0e0c69fd6629%26pa=141815714&href=https%3A%2F%2Fwww.fitmetrix.io%2FWebPortal%2FSocialResults%3FID=0c47c143-f6fd-e611-9464-0e0c69fd6629%26pa=141815714&picture=https%3A%2F%2Fwww.fitmetrix.io%2Fimages%2Fsocial%2Fsharing.png&caption=Rukus+-+ATL+Beltline&description=I%20just%20burned%20507%20calories%20in%2042%20minutes%20working%20out%20at%20Rukus 
Cycling Studios%20Rukus - ATL Beltline.> 
BOOK A CLASS <https://gocyclenow.com> 

SPRINT PONTS RANK
1st: 30 sec 2 11
2nd: 30 sec 2 9
3rd: [SPRINT3TIME] sec [SPRINT3POINTS] [SPRINT3RANK] 

[image: Rate Jenn]
RATE YOUR CYCLEPRO
Jenn
<https://www.fitmetrix.io/WebPortal/InstructorRating?r=1&id=141815714&iid=431911&n=Jenn> 
<https://www.fitmetrix.io/WebPortal/InstructorRating?r=2&id=141815714&iid=431911&n=Jenn> 
<https://www.fitmetrix.io/WebPortal/InstructorRating?r=3&id=141815714&iid=431911&n=Jenn> 
<https://www.fitmetrix.io/WebPortal/InstructorRating?r=4&id=141815714&iid=431911&n=Jenn> 
<https://www.fitmetrix.io/WebPortal/InstructorRating?r=5&id=141815714&iid=431911&n=Jenn> 

WEEKLY TOTALS
505/1515
AVG / MAX CAL
2h 6m
TOTAL WORKOUT TIME
MONTHLY TOTALS
515/3092
AVG / MAX CAL
4h 17m
TOTAL WORKOUT TIME
https://gocyclenow.com • (470) 260-7746 <+1(470) 260-7746> • 
atlbeltline@rukusfranchise.com 
<https://www.facebook.com/RukusBeltLine/> 
<https://www.instagram.com/rukusbeltline> <https://twitter.com/GoCycleNow>"
10/28/2020 18:27:21,Rukus Cycling Studios - ATL Beltline <atlbeltline@rukusfranchise.com>,Rukus | Ride Results,"

Karaoke JAMS - RukusPrime
Oct 28th 5:45 PM @ 5:45 PM 
497
CALORIES
308
POINTS 
9
RANK
12.8mi
DISTANCE (MI) 
56 / 110
AVG/MAX RPM
132 / 219
AVG/MAX WATTS 
19.0 / 22.7
AVG/MAX mph
0 / 0
AVG/MAX HR 
MINUTES IN RPM ZONES 
6
ZONE 1
25
ZONE 2
3
ZONE 3
6
ZONE 4
0
ZONE 5 
SHARE RESULTS 
<https://www.facebook.com/dialog/share?app_id=957944997560473&display=popup&redirect_uri=https%3A%2F%2Fwww.fitmetrix.io%2FWebPortal%2FSocialResults%3FID=0c47c143-f6fd-e611-9464-0e0c69fd6629%26pa=143009678&href=https%3A%2F%2Fwww.fitmetrix.io%2FWebPortal%2FSocialResults%3FID=0c47c143-f6fd-e611-9464-0e0c69fd6629%26pa=143009678&picture=https%3A%2F%2Fwww.fitmetrix.io%2Fimages%2Fsocial%2Fsharing.png&caption=Rukus+-+ATL+Beltline&description=I%20just%20burned%20497%20calories%20in%2042%20minutes%20working%20out%20at%20Rukus 
Cycling Studios%20Rukus - ATL Beltline.> 
BOOK A CLASS <https://gocyclenow.com> 

SPRINT PONTS RANK
1st: sec 
2nd: [SPRINT2TIME] sec [SPRINT2POINTS] [SPRINT2RANK]
3rd: [SPRINT3TIME] sec [SPRINT3POINTS] [SPRINT3RANK] 

[image: Rate Sam]
RATE YOUR CYCLEPRO
Sam
<https://www.fitmetrix.io/WebPortal/InstructorRating?r=1&id=143009678&iid=382939&n=Sam> 
<https://www.fitmetrix.io/WebPortal/InstructorRating?r=2&id=143009678&iid=382939&n=Sam> 
<https://www.fitmetrix.io/WebPortal/InstructorRating?r=3&id=143009678&iid=382939&n=Sam> 
<https://www.fitmetrix.io/WebPortal/InstructorRating?r=4&id=143009678&iid=382939&n=Sam> 
<https://www.fitmetrix.io/WebPortal/InstructorRating?r=5&id=143009678&iid=382939&n=Sam> 

WEEKLY TOTALS
432/865
AVG / MAX CAL
1h 13m
TOTAL WORKOUT TIME
MONTHLY TOTALS
340/2381
AVG / MAX CAL
3h 20m
TOTAL WORKOUT TIME
https://gocyclenow.com • (470) 260-7746 <+1(470) 260-7746> • 
atlbeltline@rukusfranchise.com 
<https://www.facebook.com/RukusBeltLine/> 
<https://www.instagram.com/rukusbeltline> <https://twitter.com/GoCycleNow>"
11/08/2020 11:12,Rukus Cycling Studios - ATL Beltline <atlbeltline@rukusfranchise.com>,Rukus | Ride Results,"

Explicit Hip Hop Brunch Ride! - RukusPrime
Nov 8th 10:30 AM @ 10:30 AM 
484
CALORIES
303
POINTS 
4
RANK
12.8mi
DISTANCE (MI) 
56 / 108
AVG/MAX RPM
128 / 212
AVG/MAX WATTS 
18.0 / 22.4
AVG/MAX mph
0 / 0
AVG/MAX HR 
MINUTES IN RPM ZONES 
5
ZONE 1
26
ZONE 2
2
ZONE 3
6
ZONE 4
0
ZONE 5 
SHARE RESULTS 
<https://www.facebook.com/dialog/share?app_id=957944997560473&display=popup&redirect_uri=https%3A%2F%2Fwww.fitmetrix.io%2FWebPortal%2FSocialResults%3FID=0c47c143-f6fd-e611-9464-0e0c69fd6629%26pa=143894829&href=https%3A%2F%2Fwww.fitmetrix.io%2FWebPortal%2FSocialResults%3FID=0c47c143-f6fd-e611-9464-0e0c69fd6629%26pa=143894829&picture=https%3A%2F%2Fwww.fitmetrix.io%2Fimages%2Fsocial%2Fsharing.png&caption=Rukus+-+ATL+Beltline&description=I%20just%20burned%20484%20calories%20in%2042%20minutes%20working%20out%20at%20Rukus 
Cycling Studios%20Rukus - ATL Beltline.> 
BOOK A CLASS <https://gocyclenow.com> 

SPRINT PONTS RANK
1st: 15 sec 1 6
2nd: 30 sec 2 7
3rd: [SPRINT3TIME] sec [SPRINT3POINTS] [SPRINT3RANK] 

[image: Rate Rod]
RATE YOUR CYCLEPRO
Rod
<https://www.fitmetrix.io/WebPortal/InstructorRating?r=1&id=143894829&iid=407089&n=Rod> 
<https://www.fitmetrix.io/WebPortal/InstructorRating?r=2&id=143894829&iid=407089&n=Rod> 
<https://www.fitmetrix.io/WebPortal/InstructorRating?r=3&id=143894829&iid=407089&n=Rod> 
<https://www.fitmetrix.io/WebPortal/InstructorRating?r=4&id=143894829&iid=407089&n=Rod> 
<https://www.fitmetrix.io/WebPortal/InstructorRating?r=5&id=143894829&iid=407089&n=Rod> 

WEEKLY TOTALS
506/1012
AVG / MAX CAL
1h 25m
TOTAL WORKOUT TIME
MONTHLY TOTALS
359/2878
AVG / MAX CAL
4h 3m
TOTAL WORKOUT TIME
https://gocyclenow.com • (470) 260-7746 <+1(470) 260-7746> • 
atlbeltline@rukusfranchise.com 
<https://www.facebook.com/RukusBeltLine/> 
<https://www.instagram.com/rukusbeltline> <https://twitter.com/GoCycleNow>"
11/17/2020 19:42:49,Rukus Cycling Studios - ATL Beltline <atlbeltline@rukusfranchise.com>,Rukus | Ride Results,"

RukusPrime
Nov 17th 7:00 PM @ 7:00 PM 
573
CALORIES
347
POINTS 
3
RANK
13.5mi
DISTANCE (MI) 
55 / 111
AVG/MAX RPM
146 / 253
AVG/MAX WATTS 
19.0 / 23.9
AVG/MAX mph
0 / 0
AVG/MAX HR 
MINUTES IN RPM ZONES 
4
ZONE 1
29
ZONE 2
3
ZONE 3
6
ZONE 4
0
ZONE 5 
SHARE RESULTS 
<https://www.facebook.com/dialog/share?app_id=957944997560473&display=popup&redirect_uri=https%3A%2F%2Fwww.fitmetrix.io%2FWebPortal%2FSocialResults%3FID=0c47c143-f6fd-e611-9464-0e0c69fd6629%26pa=144646259&href=https%3A%2F%2Fwww.fitmetrix.io%2FWebPortal%2FSocialResults%3FID=0c47c143-f6fd-e611-9464-0e0c69fd6629%26pa=144646259&picture=https%3A%2F%2Fwww.fitmetrix.io%2Fimages%2Fsocial%2Fsharing.png&caption=Rukus+-+ATL+Beltline&description=I%20just%20burned%20573%20calories%20in%2043%20minutes%20working%20out%20at%20Rukus 
Cycling Studios%20Rukus - ATL Beltline.> 
BOOK A CLASS <https://gocyclenow.com> 

SPRINT PONTS RANK
1st: 20 sec 2 3
2nd: 20 sec 2 3
3rd: [SPRINT3TIME] sec [SPRINT3POINTS] [SPRINT3RANK] 

[image: Rate Jessica]
RATE YOUR CYCLEPRO
Jessica
<https://www.fitmetrix.io/WebPortal/InstructorRating?r=1&id=144646259&iid=389136&n=Jessica> 
<https://www.fitmetrix.io/WebPortal/InstructorRating?r=2&id=144646259&iid=389136&n=Jessica> 
<https://www.fitmetrix.io/WebPortal/InstructorRating?r=3&id=144646259&iid=389136&n=Jessica> 
<https://www.fitmetrix.io/WebPortal/InstructorRating?r=4&id=144646259&iid=389136&n=Jessica> 
<https://www.fitmetrix.io/WebPortal/InstructorRating?r=5&id=144646259&iid=389136&n=Jessica> 

WEEKLY TOTALS
568/1136
AVG / MAX CAL
1h 26m
TOTAL WORKOUT TIME
MONTHLY TOTALS
376/3014
AVG / MAX CAL
4h 5m
TOTAL WORKOUT TIME
https://gocyclenow.com • (470) 260-7746 <+1(470) 260-7746> • 
atlbeltline@rukusfranchise.com 
<https://www.facebook.com/RukusBeltLine/> 
<https://www.instagram.com/rukusbeltline> <https://twitter.com/GoCycleNow>"
11/22/2020 11:13:21,Rukus Cycling Studios - ATL Beltline <atlbeltline@rukusfranchise.com>,Rukus | Ride Results,"

Brunch - RukusPrime
Nov 22nd 10:30 AM @ 10:30 AM 
412
CALORIES
255
POINTS 
8
RANK
13.2mi
DISTANCE (MI) 
61 / 134
AVG/MAX RPM
125 / 262
AVG/MAX WATTS 
18.0 / 24.2
AVG/MAX mph
0 / 0
AVG/MAX HR 
MINUTES IN RPM ZONES 
3
ZONE 1
20
ZONE 2
5
ZONE 3
7
ZONE 4
0
ZONE 5 
SHARE RESULTS 
<https://www.facebook.com/dialog/share?app_id=957944997560473&display=popup&redirect_uri=https%3A%2F%2Fwww.fitmetrix.io%2FWebPortal%2FSocialResults%3FID=0c47c143-f6fd-e611-9464-0e0c69fd6629%26pa=144951932&href=https%3A%2F%2Fwww.fitmetrix.io%2FWebPortal%2FSocialResults%3FID=0c47c143-f6fd-e611-9464-0e0c69fd6629%26pa=144951932&picture=https%3A%2F%2Fwww.fitmetrix.io%2Fimages%2Fsocial%2Fsharing.png&caption=Rukus+-+ATL+Beltline&description=I%20just%20burned%20412%20calories%20in%2036%20minutes%20working%20out%20at%20Rukus 
Cycling Studios%20Rukus - ATL Beltline.> 
BOOK A CLASS <https://gocyclenow.com> 

SPRINT PONTS RANK
1st: 30 sec 3 3
2nd: 45 sec 4 2
3rd: [SPRINT3TIME] sec [SPRINT3POINTS] [SPRINT3RANK] 

[image: Rate Rod]
RATE YOUR CYCLEPRO
Rod
<https://www.fitmetrix.io/WebPortal/InstructorRating?r=1&id=144951932&iid=407089&n=Rod> 
<https://www.fitmetrix.io/WebPortal/InstructorRating?r=2&id=144951932&iid=407089&n=Rod> 
<https://www.fitmetrix.io/WebPortal/InstructorRating?r=3&id=144951932&iid=407089&n=Rod> 
<https://www.fitmetrix.io/WebPortal/InstructorRating?r=4&id=144951932&iid=407089&n=Rod> 
<https://www.fitmetrix.io/WebPortal/InstructorRating?r=5&id=144951932&iid=407089&n=Rod> 

WEEKLY TOTALS
492/985
AVG / MAX CAL
1h 20m
TOTAL WORKOUT TIME
MONTHLY TOTALS
489/3425
AVG / MAX CAL
4h 41m
TOTAL WORKOUT TIME
https://gocyclenow.com • (470) 260-7746 <+1(470) 260-7746> • 
atlbeltline@rukusfranchise.com 
<https://www.facebook.com/RukusBeltLine/> 
<https://www.instagram.com/rukusbeltline> <https://twitter.com/GoCycleNow>"
11/22/2020 11:13:22,Rukus Cycling Studios - ATL Beltline <atlbeltline@rukusfranchise.com>,Rukus | Ride Results,"

Brunch - RukusPrime
Nov 22nd 10:30 AM @ 10:30 AM 
7
CALORIES
255
POINTS 
24
RANK
0.4mi
DISTANCE (MI) 
85 / 99
AVG/MAX RPM
27 / 63
AVG/MAX WATTS 
9.0 / 14.3
AVG/MAX mph
0 / 0
AVG/MAX HR 
MINUTES IN RPM ZONES 
0
ZONE 1
0
ZONE 2
0
ZONE 3
3
ZONE 4
0
ZONE 5 
SHARE RESULTS 
<https://www.facebook.com/dialog/share?app_id=957944997560473&display=popup&redirect_uri=https%3A%2F%2Fwww.fitmetrix.io%2FWebPortal%2FSocialResults%3FID=0c47c143-f6fd-e611-9464-0e0c69fd6629%26pa=144951932&href=https%3A%2F%2Fwww.fitmetrix.io%2FWebPortal%2FSocialResults%3FID=0c47c143-f6fd-e611-9464-0e0c69fd6629%26pa=144951932&picture=https%3A%2F%2Fwww.fitmetrix.io%2Fimages%2Fsocial%2Fsharing.png&caption=Rukus+-+ATL+Beltline&description=I%20just%20burned%207%20calories%20in%203%20minutes%20working%20out%20at%20Rukus 
Cycling Studios%20Rukus - ATL Beltline.> 
BOOK A CLASS <https://gocyclenow.com> 

SPRINT PONTS RANK
1st: 30 sec 3 3
2nd: 45 sec 4 2
3rd: [SPRINT3TIME] sec [SPRINT3POINTS] [SPRINT3RANK] 

[image: Rate Rod]
RATE YOUR CYCLEPRO
Rod
<https://www.fitmetrix.io/WebPortal/InstructorRating?r=1&id=144951932&iid=407089&n=Rod> 
<https://www.fitmetrix.io/WebPortal/InstructorRating?r=2&id=144951932&iid=407089&n=Rod> 
<https://www.fitmetrix.io/WebPortal/InstructorRating?r=3&id=144951932&iid=407089&n=Rod> 
<https://www.fitmetrix.io/WebPortal/InstructorRating?r=4&id=144951932&iid=407089&n=Rod> 
<https://www.fitmetrix.io/WebPortal/InstructorRating?r=5&id=144951932&iid=407089&n=Rod> 

WEEKLY TOTALS
290/580
AVG / MAX CAL
0h 47m
TOTAL WORKOUT TIME
MONTHLY TOTALS
431/3020
AVG / MAX CAL
4h 8m
TOTAL WORKOUT TIME
https://gocyclenow.com • (470) 260-7746 <+1(470) 260-7746> • 
atlbeltline@rukusfranchise.com 
<https://www.facebook.com/RukusBeltLine/> 
<https://www.instagram.com/rukusbeltline> <https://twitter.com/GoCycleNow>"
11/29/2020 11:11:44,Rukus Cycling Studios - ATL Beltline <atlbeltline@rukusfranchise.com>,Rukus | Ride Results,"

Brunch - RukusPrime
Nov 29th 10:30 AM @ 10:30 AM 
523
CALORIES
312
POINTS 
3
RANK
12.7mi
DISTANCE (MI) 
48 / 99
AVG/MAX RPM
134 / 247
AVG/MAX WATTS 
19.0 / 23.7
AVG/MAX mph
0 / 0
AVG/MAX HR 
MINUTES IN RPM ZONES 
15
ZONE 1
22
ZONE 2
3
ZONE 3
2
ZONE 4
0
ZONE 5 
SHARE RESULTS 
<https://www.facebook.com/dialog/share?app_id=957944997560473&display=popup&redirect_uri=https%3A%2F%2Fwww.fitmetrix.io%2FWebPortal%2FSocialResults%3FID=0c47c143-f6fd-e611-9464-0e0c69fd6629%26pa=145358800&href=https%3A%2F%2Fwww.fitmetrix.io%2FWebPortal%2FSocialResults%3FID=0c47c143-f6fd-e611-9464-0e0c69fd6629%26pa=145358800&picture=https%3A%2F%2Fwww.fitmetrix.io%2Fimages%2Fsocial%2Fsharing.png&caption=Rukus+-+ATL+Beltline&description=I%20just%20burned%20523%20calories%20in%2043%20minutes%20working%20out%20at%20Rukus 
Cycling Studios%20Rukus - ATL Beltline.> 
BOOK A CLASS <https://gocyclenow.com> 

SPRINT PONTS RANK
1st: 30 sec 2 7
2nd: 30 sec 2 10
3rd: [SPRINT3TIME] sec [SPRINT3POINTS] [SPRINT3RANK] 

[image: Rate Rod]
RATE YOUR CYCLEPRO
Rod
<https://www.fitmetrix.io/WebPortal/InstructorRating?r=1&id=145358800&iid=407089&n=Rod> 
<https://www.fitmetrix.io/WebPortal/InstructorRating?r=2&id=145358800&iid=407089&n=Rod> 
<https://www.fitmetrix.io/WebPortal/InstructorRating?r=3&id=145358800&iid=407089&n=Rod> 
<https://www.fitmetrix.io/WebPortal/InstructorRating?r=4&id=145358800&iid=407089&n=Rod> 
<https://www.fitmetrix.io/WebPortal/InstructorRating?r=5&id=145358800&iid=407089&n=Rod> 

WEEKLY TOTALS
265/530
AVG / MAX CAL
0h 46m
TOTAL WORKOUT TIME
MONTHLY TOTALS
446/2678
AVG / MAX CAL
3h 38m
TOTAL WORKOUT TIME
https://gocyclenow.com • (470) 260-7746 <+1(470) 260-7746> • 
atlbeltline@rukusfranchise.com 
<https://www.facebook.com/RukusBeltLine/> 
<https://www.instagram.com/rukusbeltline> <https://twitter.com/GoCycleNow>"
12/06/2020 9:59,Rukus Cycling Studios - ATL Beltline <atlbeltline@rukusfranchise.com>,Rukus | Ride Results,"

Brunch - RukusSurge (HIIT)
Dec 6th 9:30 AM @ 9:30 AM 
367
CALORIES
229
POINTS 
2
RANK
9.1mi
DISTANCE (MI) 
64 / 112
AVG/MAX RPM
141 / 223
AVG/MAX WATTS 
19.0 / 22.8
AVG/MAX mph
0 / 0
AVG/MAX HR 
MINUTES IN RPM ZONES 
1
ZONE 1
13
ZONE 2
5
ZONE 3
7
ZONE 4
0
ZONE 5 
SHARE RESULTS 
<https://www.facebook.com/dialog/share?app_id=957944997560473&display=popup&redirect_uri=https%3A%2F%2Fwww.fitmetrix.io%2FWebPortal%2FSocialResults%3FID=0c47c143-f6fd-e611-9464-0e0c69fd6629%26pa=145881158&href=https%3A%2F%2Fwww.fitmetrix.io%2FWebPortal%2FSocialResults%3FID=0c47c143-f6fd-e611-9464-0e0c69fd6629%26pa=145881158&picture=https%3A%2F%2Fwww.fitmetrix.io%2Fimages%2Fsocial%2Fsharing.png&caption=Rukus+-+ATL+Beltline&description=I%20just%20burned%20367%20calories%20in%2029%20minutes%20working%20out%20at%20Rukus 
Cycling Studios%20Rukus - ATL Beltline.> 
BOOK A CLASS <https://gocyclenow.com> 

SPRINT PONTS RANK
1st: 30 sec 2 4
2nd: 30 sec 3 3
3rd: [SPRINT3TIME] sec [SPRINT3POINTS] [SPRINT3RANK] 

[image: Rate Reid]
RATE YOUR CYCLEPRO
Reid
<https://www.fitmetrix.io/WebPortal/InstructorRating?r=1&id=145881158&iid=338787&n=Reid> 
<https://www.fitmetrix.io/WebPortal/InstructorRating?r=2&id=145881158&iid=338787&n=Reid> 
<https://www.fitmetrix.io/WebPortal/InstructorRating?r=3&id=145881158&iid=338787&n=Reid> 
<https://www.fitmetrix.io/WebPortal/InstructorRating?r=4&id=145881158&iid=338787&n=Reid> 
<https://www.fitmetrix.io/WebPortal/InstructorRating?r=5&id=145881158&iid=338787&n=Reid> 

WEEKLY TOTALS
183/367
AVG / MAX CAL
0h 29m
TOTAL WORKOUT TIME
MONTHLY TOTALS
332/1994
AVG / MAX CAL
2h 41m
TOTAL WORKOUT TIME
https://gocyclenow.com • (470) 260-7746 <+1(470) 260-7746> • 
atlbeltline@rukusfranchise.com 
<https://www.facebook.com/RukusBeltLine/> 
<https://www.instagram.com/rukusbeltline> <https://twitter.com/GoCycleNow>"
12/21/2020 19:39:03,Buddy the Elf <atlbeltline@rukusfranchise.com>,Rukus | Ride Results,"

RukusPrime
Dec 21st 7:00 PM @ 7:00 PM 
465
CALORIES
291
POINTS 
1
RANK
11.6mi
DISTANCE (MI) 
57 / 119
AVG/MAX RPM
133 / 227
AVG/MAX WATTS 
19.0 / 23.0
AVG/MAX mph
0 / 0
AVG/MAX HR 
MINUTES IN RPM ZONES 
6
ZONE 1
22
ZONE 2
2
ZONE 3
6
ZONE 4
0
ZONE 5 
SHARE RESULTS 
<https://www.facebook.com/dialog/share?app_id=957944997560473&display=popup&redirect_uri=https%3A%2F%2Fwww.fitmetrix.io%2FWebPortal%2FSocialResults%3FID=0c47c143-f6fd-e611-9464-0e0c69fd6629%26pa=146905490&href=https%3A%2F%2Fwww.fitmetrix.io%2FWebPortal%2FSocialResults%3FID=0c47c143-f6fd-e611-9464-0e0c69fd6629%26pa=146905490&picture=https%3A%2F%2Fwww.fitmetrix.io%2Fimages%2Fsocial%2Fsharing.png&caption=Rukus+-+ATL+Beltline&description=I%20just%20burned%20465%20calories%20in%2039%20minutes%20working%20out%20at%20Rukus 
Cycling Studios%20Rukus - ATL Beltline.> 
BOOK A CLASS <https://gocyclenow.com> 

SPRINT PONTS RANK
1st: 45 sec 3 3
2nd: [SPRINT2TIME] sec [SPRINT2POINTS] [SPRINT2RANK]
3rd: [SPRINT3TIME] sec [SPRINT3POINTS] [SPRINT3RANK] 

[image: Rate Rod]
RATE YOUR CYCLEPRO
Rod
<https://www.fitmetrix.io/WebPortal/InstructorRating?r=1&id=146905490&iid=407089&n=Rod> 
<https://www.fitmetrix.io/WebPortal/InstructorRating?r=2&id=146905490&iid=407089&n=Rod> 
<https://www.fitmetrix.io/WebPortal/InstructorRating?r=3&id=146905490&iid=407089&n=Rod> 
<https://www.fitmetrix.io/WebPortal/InstructorRating?r=4&id=146905490&iid=407089&n=Rod> 
<https://www.fitmetrix.io/WebPortal/InstructorRating?r=5&id=146905490&iid=407089&n=Rod> 

WEEKLY TOTALS
465/465
AVG / MAX CAL
0h 39m
TOTAL WORKOUT TIME
MONTHLY TOTALS
209/839
AVG / MAX CAL
1h 12m
TOTAL WORKOUT TIME
https://gocyclenow.com • (470) 260-7746 <+1(470) 260-7746> • 
atlbeltline@rukusfranchise.com 
<https://www.facebook.com/RukusBeltLine/> 
<https://www.instagram.com/rukusbeltline> <https://twitter.com/GoCycleNow>"
12/27/2020 11:11:42,Buddy the Elf <atlbeltline@rukusfranchise.com>,Rukus | Ride Results,"

Brunch - RukusPrime
Dec 27th 10:30 AM @ 10:30 AM 
478
CALORIES
299
POINTS 
6
RANK
12.5mi
DISTANCE (MI) 
58 / 124
AVG/MAX RPM
128 / 230
AVG/MAX WATTS 
18.0 / 23.1
AVG/MAX mph
0 / 0
AVG/MAX HR 
MINUTES IN RPM ZONES 
6
ZONE 1
22
ZONE 2
3
ZONE 3
8
ZONE 4
0
ZONE 5 
SHARE RESULTS 
<https://www.facebook.com/dialog/share?app_id=957944997560473&display=popup&redirect_uri=https%3A%2F%2Fwww.fitmetrix.io%2FWebPortal%2FSocialResults%3FID=0c47c143-f6fd-e611-9464-0e0c69fd6629%26pa=147139347&href=https%3A%2F%2Fwww.fitmetrix.io%2FWebPortal%2FSocialResults%3FID=0c47c143-f6fd-e611-9464-0e0c69fd6629%26pa=147139347&picture=https%3A%2F%2Fwww.fitmetrix.io%2Fimages%2Fsocial%2Fsharing.png&caption=Rukus+-+ATL+Beltline&description=I%20just%20burned%20478%20calories%20in%2041%20minutes%20working%20out%20at%20Rukus 
Cycling Studios%20Rukus - ATL Beltline.> 
BOOK A CLASS <https://gocyclenow.com> 

SPRINT PONTS RANK
1st: 45 sec 3 8
2nd: 45 sec 4 8
3rd: [SPRINT3TIME] sec [SPRINT3POINTS] [SPRINT3RANK] 

[image: Rate Rod]
RATE YOUR CYCLEPRO
Rod
<https://www.fitmetrix.io/WebPortal/InstructorRating?r=1&id=147139347&iid=407089&n=Rod> 
<https://www.fitmetrix.io/WebPortal/InstructorRating?r=2&id=147139347&iid=407089&n=Rod> 
<https://www.fitmetrix.io/WebPortal/InstructorRating?r=3&id=147139347&iid=407089&n=Rod> 
<https://www.fitmetrix.io/WebPortal/InstructorRating?r=4&id=147139347&iid=407089&n=Rod> 
<https://www.fitmetrix.io/WebPortal/InstructorRating?r=5&id=147139347&iid=407089&n=Rod> 

WEEKLY TOTALS
239/478
AVG / MAX CAL
0h 41m
TOTAL WORKOUT TIME
MONTHLY TOTALS
211/845
AVG / MAX CAL
1h 11m
TOTAL WORKOUT TIME
https://gocyclenow.com • (470) 260-7746 <+1(470) 260-7746> • 
atlbeltline@rukusfranchise.com 
<https://www.facebook.com/RukusBeltLine/> 
<https://www.instagram.com/rukusbeltline> <https://twitter.com/GoCycleNow>"
1/05/2021 18:29,Rukus - ATL Beltline <atlbeltline@rukusfranchise.com>,Rukus | Ride Results,"

RukusPrime
Jan 5th 5:45 PM @ 5:45 PM 
513
CALORIES
320
POINTS 
6
RANK
13.2mi
DISTANCE (MI) 
57 / 117
AVG/MAX RPM
132 / 246
AVG/MAX WATTS 
18.0 / 23.6
AVG/MAX mph
0 / 0
AVG/MAX HR 
MINUTES IN RPM ZONES 
6
ZONE 1
24
ZONE 2
4
ZONE 3
7
ZONE 4
0
ZONE 5 
SHARE RESULTS 
<https://www.facebook.com/dialog/share?app_id=957944997560473&display=popup&redirect_uri=https%3A%2F%2Fwww.fitmetrix.io%2FWebPortal%2FSocialResults%3FID=0c47c143-f6fd-e611-9464-0e0c69fd6629%26pa=147778424&href=https%3A%2F%2Fwww.fitmetrix.io%2FWebPortal%2FSocialResults%3FID=0c47c143-f6fd-e611-9464-0e0c69fd6629%26pa=147778424&picture=https%3A%2F%2Fwww.fitmetrix.io%2Fimages%2Fsocial%2Fsharing.png&caption=Rukus+-+ATL+Beltline&description=I%20just%20burned%20513%20calories%20in%2043%20minutes%20working%20out%20at%20Rukus 
Cycling Studios%20Rukus - ATL Beltline.> 
BOOK A CLASS <https://gocyclenow.com> 

SPRINT PONTS RANK
1st: 30 sec 3 6
2nd: 30 sec 2 9
3rd: [SPRINT3TIME] sec [SPRINT3POINTS] [SPRINT3RANK] 

[image: Rate Jenn]
RATE YOUR CYCLEPRO
Jenn
<https://www.fitmetrix.io/WebPortal/InstructorRating?r=1&id=147778424&iid=431911&n=Jenn> 
<https://www.fitmetrix.io/WebPortal/InstructorRating?r=2&id=147778424&iid=431911&n=Jenn> 
<https://www.fitmetrix.io/WebPortal/InstructorRating?r=3&id=147778424&iid=431911&n=Jenn> 
<https://www.fitmetrix.io/WebPortal/InstructorRating?r=4&id=147778424&iid=431911&n=Jenn> 
<https://www.fitmetrix.io/WebPortal/InstructorRating?r=5&id=147778424&iid=431911&n=Jenn> 

WEEKLY TOTALS
513/513
AVG / MAX CAL
0h 43m
TOTAL WORKOUT TIME
MONTHLY TOTALS
339/1358
AVG / MAX CAL
1h 54m
TOTAL WORKOUT TIME
https://gocyclenow.com • (470) 260-7746 <+1(470) 260-7746> • 
atlbeltline@rukusfranchise.com 
<https://www.facebook.com/RukusBeltLine/> 
<https://www.instagram.com/rukusbeltline> <https://twitter.com/GoCycleNow>"
1/19/2021 19:44:51,Rukus - ATL Beltline <atlbeltline@rukusfranchise.com>,Rukus | Ride Results,"

Miley vs Migos - RukusPrime
Jan 19th 7:00 PM @ 7:00 PM 
525
CALORIES
325
POINTS 
2
RANK
12.9mi
DISTANCE (MI) 
59 / 115
AVG/MAX RPM
132 / 215
AVG/MAX WATTS 
19.0 / 22.5
AVG/MAX mph
0 / 0
AVG/MAX HR 
MINUTES IN RPM ZONES 
3
ZONE 1
29
ZONE 2
5
ZONE 3
6
ZONE 4
0
ZONE 5 
SHARE RESULTS 
<https://www.facebook.com/dialog/share?app_id=957944997560473&display=popup&redirect_uri=https%3A%2F%2Fwww.fitmetrix.io%2FWebPortal%2FSocialResults%3FID=0c47c143-f6fd-e611-9464-0e0c69fd6629%26pa=148788360&href=https%3A%2F%2Fwww.fitmetrix.io%2FWebPortal%2FSocialResults%3FID=0c47c143-f6fd-e611-9464-0e0c69fd6629%26pa=148788360&picture=https%3A%2F%2Fwww.fitmetrix.io%2Fimages%2Fsocial%2Fsharing.png&caption=Rukus+-+ATL+Beltline&description=I%20just%20burned%20525%20calories%20in%2044%20minutes%20working%20out%20at%20Rukus 
Cycling Studios%20Rukus - ATL Beltline.> 
BOOK A CLASS <https://gocyclenow.com> 

SPRINT PONTS RANK
1st: 30 sec 3 4
2nd: 30 sec 3 5
3rd: 30 sec 2 6 

[image: Rate Eve]
RATE YOUR CYCLEPRO
Eve
<https://www.fitmetrix.io/WebPortal/InstructorRating?r=1&id=148788360&iid=338770&n=Eve> 
<https://www.fitmetrix.io/WebPortal/InstructorRating?r=2&id=148788360&iid=338770&n=Eve> 
<https://www.fitmetrix.io/WebPortal/InstructorRating?r=3&id=148788360&iid=338770&n=Eve> 
<https://www.fitmetrix.io/WebPortal/InstructorRating?r=4&id=148788360&iid=338770&n=Eve> 
<https://www.fitmetrix.io/WebPortal/InstructorRating?r=5&id=148788360&iid=338770&n=Eve> 

WEEKLY TOTALS
525/525
AVG / MAX CAL
0h 44m
TOTAL WORKOUT TIME
MONTHLY TOTALS
379/1516
AVG / MAX CAL
2h 9m
TOTAL WORKOUT TIME
https://gocyclenow.com • (470) 260-7746 <+1(470) 260-7746> • 
atlbeltline@rukusfranchise.com 
<https://www.facebook.com/RukusBeltLine/> 
<https://www.instagram.com/rukusbeltline> <https://twitter.com/GoCycleNow>"
1/24/2021 9:58:38,Rukus - ATL Beltline <atlbeltline@rukusfranchise.com>,Rukus | Ride Results,"

Brunch - RukusSurge (HIIT)
Jan 24th 9:30 AM @ 9:30 AM 
385
CALORIES
240
POINTS 
2
RANK
9.3mi
DISTANCE (MI) 
60 / 107
AVG/MAX RPM
151 / 259
AVG/MAX WATTS 
20.0 / 24.1
AVG/MAX mph
0 / 0
AVG/MAX HR 
MINUTES IN RPM ZONES 
0
ZONE 1
17
ZONE 2
5
ZONE 3
4
ZONE 4
0
ZONE 5 
SHARE RESULTS 
<https://www.facebook.com/dialog/share?app_id=957944997560473&display=popup&redirect_uri=https%3A%2F%2Fwww.fitmetrix.io%2FWebPortal%2FSocialResults%3FID=0c47c143-f6fd-e611-9464-0e0c69fd6629%26pa=149106603&href=https%3A%2F%2Fwww.fitmetrix.io%2FWebPortal%2FSocialResults%3FID=0c47c143-f6fd-e611-9464-0e0c69fd6629%26pa=149106603&picture=https%3A%2F%2Fwww.fitmetrix.io%2Fimages%2Fsocial%2Fsharing.png&caption=Rukus+-+ATL+Beltline&description=I%20just%20burned%20385%20calories%20in%2028%20minutes%20working%20out%20at%20Rukus 
Cycling Studios%20Rukus - ATL Beltline.> 
BOOK A CLASS <https://gocyclenow.com> 

SPRINT PONTS RANK
1st: 20 sec 2 7
2nd: 30 sec 3 7
3rd: [SPRINT3TIME] sec [SPRINT3POINTS] [SPRINT3RANK] 

[image: Rate Maddie]
RATE YOUR CYCLEPRO
Maddie
<https://www.fitmetrix.io/WebPortal/InstructorRating?r=1&id=149106603&iid=487335&n=Maddie> 
<https://www.fitmetrix.io/WebPortal/InstructorRating?r=2&id=149106603&iid=487335&n=Maddie> 
<https://www.fitmetrix.io/WebPortal/InstructorRating?r=3&id=149106603&iid=487335&n=Maddie> 
<https://www.fitmetrix.io/WebPortal/InstructorRating?r=4&id=149106603&iid=487335&n=Maddie> 
<https://www.fitmetrix.io/WebPortal/InstructorRating?r=5&id=149106603&iid=487335&n=Maddie> 

WEEKLY TOTALS
455/910
AVG / MAX CAL
1h 12m
TOTAL WORKOUT TIME
MONTHLY TOTALS
475/1901
AVG / MAX CAL
2h 37m
TOTAL WORKOUT TIME
https://gocyclenow.com • (470) 260-7746 <+1(470) 260-7746> • 
atlbeltline@rukusfranchise.com 
<https://www.facebook.com/RukusBeltLine/> 
<https://www.instagram.com/rukusbeltline> <https://twitter.com/GoCycleNow>"
2/02/2021 19:41,Rukus - ATL Beltline <atlbeltline@rukusfranchise.com>,Rukus | Ride Results,"

Too TURNT Tuesday (Hip Hop) - RukusPrime
Feb 2nd 7:00 PM @ 7:00 PM 
502
CALORIES
312
POINTS 
1
RANK
13.0mi
DISTANCE (MI) 
57 / 116
AVG/MAX RPM
139 / 230
AVG/MAX WATTS 
19.0 / 23.1
AVG/MAX mph
0 / 0
AVG/MAX HR 
MINUTES IN RPM ZONES 
4
ZONE 1
26
ZONE 2
3
ZONE 3
5
ZONE 4
0
ZONE 5 
SHARE RESULTS 
<https://www.facebook.com/dialog/share?app_id=957944997560473&display=popup&redirect_uri=https%3A%2F%2Fwww.fitmetrix.io%2FWebPortal%2FSocialResults%3FID=0c47c143-f6fd-e611-9464-0e0c69fd6629%26pa=150025933&href=https%3A%2F%2Fwww.fitmetrix.io%2FWebPortal%2FSocialResults%3FID=0c47c143-f6fd-e611-9464-0e0c69fd6629%26pa=150025933&picture=https%3A%2F%2Fwww.fitmetrix.io%2Fimages%2Fsocial%2Fsharing.png&caption=Rukus+-+ATL+Beltline&description=I%20just%20burned%20502%20calories%20in%2040%20minutes%20working%20out%20at%20Rukus 
Cycling Studios%20Rukus - ATL Beltline.> 
BOOK A CLASS <https://gocyclenow.com> 

SPRINT PONTS RANK
1st: 30 sec 3 2
2nd: 45 sec 4 3
3rd: 30 sec 3 5 

[image: Rate Eve]
RATE YOUR CYCLEPRO
Eve
<https://www.fitmetrix.io/WebPortal/InstructorRating?r=1&id=150025933&iid=338770&n=Eve> 
<https://www.fitmetrix.io/WebPortal/InstructorRating?r=2&id=150025933&iid=338770&n=Eve> 
<https://www.fitmetrix.io/WebPortal/InstructorRating?r=3&id=150025933&iid=338770&n=Eve> 
<https://www.fitmetrix.io/WebPortal/InstructorRating?r=4&id=150025933&iid=338770&n=Eve> 
<https://www.fitmetrix.io/WebPortal/InstructorRating?r=5&id=150025933&iid=338770&n=Eve> 

WEEKLY TOTALS
502/502
AVG / MAX CAL
0h 40m
TOTAL WORKOUT TIME
MONTHLY TOTALS
481/1925
AVG / MAX CAL
2h 36m
TOTAL WORKOUT TIME
https://gocyclenow.com • (470) 260-7746 <+1(470) 260-7746> • 
atlbeltline@rukusfranchise.com 
<https://www.facebook.com/RukusBeltLine/> 
<https://www.instagram.com/rukusbeltline> <https://twitter.com/GoCycleNow>"
2/07/2021 11:11,Rukus - ATL Beltline <atlbeltline@rukusfranchise.com>,Rukus | Ride Results,"

Brunch - RukusPrime
Feb 7th 10:30 AM @ 10:30 AM 
479
CALORIES
297
POINTS 
4
RANK
11.7mi
DISTANCE (MI) 
54 / 105
AVG/MAX RPM
129 / 234
AVG/MAX WATTS 
18.0 / 23.2
AVG/MAX mph
0 / 0
AVG/MAX HR 
MINUTES IN RPM ZONES 
5
ZONE 1
26
ZONE 2
4
ZONE 3
5
ZONE 4
0
ZONE 5 
SHARE RESULTS 
<https://www.facebook.com/dialog/share?app_id=957944997560473&display=popup&redirect_uri=https%3A%2F%2Fwww.fitmetrix.io%2FWebPortal%2FSocialResults%3FID=0c47c143-f6fd-e611-9464-0e0c69fd6629%26pa=150379960&href=https%3A%2F%2Fwww.fitmetrix.io%2FWebPortal%2FSocialResults%3FID=0c47c143-f6fd-e611-9464-0e0c69fd6629%26pa=150379960&picture=https%3A%2F%2Fwww.fitmetrix.io%2Fimages%2Fsocial%2Fsharing.png&caption=Rukus+-+ATL+Beltline&description=I%20just%20burned%20479%20calories%20in%2041%20minutes%20working%20out%20at%20Rukus 
Cycling Studios%20Rukus - ATL Beltline.> 
BOOK A CLASS <https://gocyclenow.com> 

SPRINT PONTS RANK
1st: 45 sec 4 7
2nd: 45 sec 3 10
3rd: [SPRINT3TIME] sec [SPRINT3POINTS] [SPRINT3RANK] 

[image: Rate Rod]
RATE YOUR CYCLEPRO
Rod
<https://www.fitmetrix.io/WebPortal/InstructorRating?r=1&id=150379960&iid=407089&n=Rod> 
<https://www.fitmetrix.io/WebPortal/InstructorRating?r=2&id=150379960&iid=407089&n=Rod> 
<https://www.fitmetrix.io/WebPortal/InstructorRating?r=3&id=150379960&iid=407089&n=Rod> 
<https://www.fitmetrix.io/WebPortal/InstructorRating?r=4&id=150379960&iid=407089&n=Rod> 
<https://www.fitmetrix.io/WebPortal/InstructorRating?r=5&id=150379960&iid=407089&n=Rod> 

WEEKLY TOTALS
490/981
AVG / MAX CAL
1h 21m
TOTAL WORKOUT TIME
MONTHLY TOTALS
472/1891
AVG / MAX CAL
2h 34m
TOTAL WORKOUT TIME
https://gocyclenow.com • (470) 260-7746 <+1(470) 260-7746> • 
atlbeltline@rukusfranchise.com 
<https://www.facebook.com/RukusBeltLine/> 
<https://www.instagram.com/rukusbeltline> <https://twitter.com/GoCycleNow>"
2/09/2021 18:27,Rukus - ATL Beltline <atlbeltline@rukusfranchise.com>,Rukus | Ride Results,"

RukusPrime
Feb 9th 5:45 PM @ 5:45 PM 
458
CALORIES
287
POINTS 
4
RANK
12.1mi
DISTANCE (MI) 
61 / 133
AVG/MAX RPM
125 / 224
AVG/MAX WATTS 
18.0 / 22.9
AVG/MAX mph
0 / 0
AVG/MAX HR 
MINUTES IN RPM ZONES 
6
ZONE 1
20
ZONE 2
4
ZONE 3
9
ZONE 4
0
ZONE 5 
SHARE RESULTS 
<https://www.facebook.com/dialog/share?app_id=957944997560473&display=popup&redirect_uri=https%3A%2F%2Fwww.fitmetrix.io%2FWebPortal%2FSocialResults%3FID=0c47c143-f6fd-e611-9464-0e0c69fd6629%26pa=150640623&href=https%3A%2F%2Fwww.fitmetrix.io%2FWebPortal%2FSocialResults%3FID=0c47c143-f6fd-e611-9464-0e0c69fd6629%26pa=150640623&picture=https%3A%2F%2Fwww.fitmetrix.io%2Fimages%2Fsocial%2Fsharing.png&caption=Rukus+-+ATL+Beltline&description=I%20just%20burned%20458%20calories%20in%2040%20minutes%20working%20out%20at%20Rukus 
Cycling Studios%20Rukus - ATL Beltline.> 
BOOK A CLASS <https://gocyclenow.com> 

SPRINT PONTS RANK
1st: 30 sec 2 7
2nd: 30 sec 2 10
3rd: [SPRINT3TIME] sec [SPRINT3POINTS] [SPRINT3RANK] 

[image: Rate Jenn]
RATE YOUR CYCLEPRO
Jenn
<https://www.fitmetrix.io/WebPortal/InstructorRating?r=1&id=150640623&iid=431911&n=Jenn> 
<https://www.fitmetrix.io/WebPortal/InstructorRating?r=2&id=150640623&iid=431911&n=Jenn> 
<https://www.fitmetrix.io/WebPortal/InstructorRating?r=3&id=150640623&iid=431911&n=Jenn> 
<https://www.fitmetrix.io/WebPortal/InstructorRating?r=4&id=150640623&iid=431911&n=Jenn> 
<https://www.fitmetrix.io/WebPortal/InstructorRating?r=5&id=150640623&iid=431911&n=Jenn> 

WEEKLY TOTALS
479/1439
AVG / MAX CAL
2h 2m
TOTAL WORKOUT TIME
MONTHLY TOTALS
469/2349
AVG / MAX CAL
3h 15m
TOTAL WORKOUT TIME
https://gocyclenow.com • (470) 260-7746 <+1(470) 260-7746> • 
atlbeltline@rukusfranchise.com 
<https://www.facebook.com/RukusBeltLine/> 
<https://www.instagram.com/rukusbeltline> <https://twitter.com/GoCycleNow>"
2/23/2021 19:43:19,Rukus - ATL Beltline <atlbeltline@rukusfranchise.com>,Rukus | Ride Results,"

RukusPrime
Feb 23rd 7:00 PM @ 7:00 PM 
489
CALORIES
306
POINTS 
2
RANK
12.4mi
DISTANCE (MI) 
62 / 125
AVG/MAX RPM
128 / 213
AVG/MAX WATTS 
18.0 / 22.5
AVG/MAX mph
0 / 0
AVG/MAX HR 
MINUTES IN RPM ZONES 
2
ZONE 1
27
ZONE 2
4
ZONE 3
8
ZONE 4
0
ZONE 5 
SHARE RESULTS 
<https://www.facebook.com/dialog/share?app_id=957944997560473&display=popup&redirect_uri=https%3A%2F%2Fwww.fitmetrix.io%2FWebPortal%2FSocialResults%3FID=0c47c143-f6fd-e611-9464-0e0c69fd6629%26pa=151872163&href=https%3A%2F%2Fwww.fitmetrix.io%2FWebPortal%2FSocialResults%3FID=0c47c143-f6fd-e611-9464-0e0c69fd6629%26pa=151872163&picture=https%3A%2F%2Fwww.fitmetrix.io%2Fimages%2Fsocial%2Fsharing.png&caption=Rukus+-+ATL+Beltline&description=I%20just%20burned%20489%20calories%20in%2042%20minutes%20working%20out%20at%20Rukus 
Cycling Studios%20Rukus - ATL Beltline.> 
BOOK A CLASS <https://gocyclenow.com> 

SPRINT PONTS RANK
1st: 20 sec 1 2
2nd: 30 sec 2 3
3rd: 45 sec 3 3 

[image: Rate Eve]
RATE YOUR CYCLEPRO
Eve
<https://www.fitmetrix.io/WebPortal/InstructorRating?r=1&id=151872163&iid=338770&n=Eve> 
<https://www.fitmetrix.io/WebPortal/InstructorRating?r=2&id=151872163&iid=338770&n=Eve> 
<https://www.fitmetrix.io/WebPortal/InstructorRating?r=3&id=151872163&iid=338770&n=Eve> 
<https://www.fitmetrix.io/WebPortal/InstructorRating?r=4&id=151872163&iid=338770&n=Eve> 
<https://www.fitmetrix.io/WebPortal/InstructorRating?r=5&id=151872163&iid=338770&n=Eve> 

WEEKLY TOTALS
489/489
AVG / MAX CAL
0h 42m
TOTAL WORKOUT TIME
MONTHLY TOTALS
372/2237
AVG / MAX CAL
3h 3m
TOTAL WORKOUT TIME
https://gocyclenow.com • (470) 260-7746 <+1(470) 260-7746> • 
atlbeltline@rukusfranchise.com 
<https://www.facebook.com/RukusBeltLine/> 
<https://www.instagram.com/rukusbeltline> <https://twitter.com/GoCycleNow>"
2/28/2021 9:59:57,Rukus - ATL Beltline <atlbeltline@rukusfranchise.com>,Rukus | Ride Results,"

Brunch - RukusSurge (HIIT)
Feb 28th 9:30 AM @ 9:30 AM 
375
CALORIES
234
POINTS 
2
RANK
9.5mi
DISTANCE (MI) 
66 / 116
AVG/MAX RPM
141 / 213
AVG/MAX WATTS 
19.0 / 22.5
AVG/MAX mph
0 / 0
AVG/MAX HR 
MINUTES IN RPM ZONES 
0
ZONE 1
17
ZONE 2
3
ZONE 3
8
ZONE 4
0
ZONE 5 
SHARE RESULTS 
<https://www.facebook.com/dialog/share?app_id=957944997560473&display=popup&redirect_uri=https%3A%2F%2Fwww.fitmetrix.io%2FWebPortal%2FSocialResults%3FID=0c47c143-f6fd-e611-9464-0e0c69fd6629%26pa=152257632&href=https%3A%2F%2Fwww.fitmetrix.io%2FWebPortal%2FSocialResults%3FID=0c47c143-f6fd-e611-9464-0e0c69fd6629%26pa=152257632&picture=https%3A%2F%2Fwww.fitmetrix.io%2Fimages%2Fsocial%2Fsharing.png&caption=Rukus+-+ATL+Beltline&description=I%20just%20burned%20375%20calories%20in%2029%20minutes%20working%20out%20at%20Rukus 
Cycling Studios%20Rukus - ATL Beltline.> 
BOOK A CLASS <https://gocyclenow.com> 

SPRINT PONTS RANK
1st: 30 sec 2 5
2nd: 45 sec 4 4
3rd: 20 sec 1 4 

[image: Rate Maddie]
RATE YOUR CYCLEPRO
Maddie
<https://www.fitmetrix.io/WebPortal/InstructorRating?r=1&id=152257632&iid=487335&n=Maddie> 
<https://www.fitmetrix.io/WebPortal/InstructorRating?r=2&id=152257632&iid=487335&n=Maddie> 
<https://www.fitmetrix.io/WebPortal/InstructorRating?r=3&id=152257632&iid=487335&n=Maddie> 
<https://www.fitmetrix.io/WebPortal/InstructorRating?r=4&id=152257632&iid=487335&n=Maddie> 
<https://www.fitmetrix.io/WebPortal/InstructorRating?r=5&id=152257632&iid=487335&n=Maddie> 

WEEKLY TOTALS
432/864
AVG / MAX CAL
1h 12m
TOTAL WORKOUT TIME
MONTHLY TOTALS
371/2227
AVG / MAX CAL
3h 4m
TOTAL WORKOUT TIME
https://gocyclenow.com • (470) 260-7746 <+1(470) 260-7746> • 
atlbeltline@rukusfranchise.com 
<https://www.facebook.com/RukusBeltLine/> 
<https://www.instagram.com/rukusbeltline> <https://twitter.com/GoCycleNow>"
3/02/2021 19:45,Rukus - ATL Beltline <atlbeltline@rukusfranchise.com>,Rukus | Ride Results,"

RukusPrime
Mar 2nd 7:00 PM @ 7:00 PM 
513
CALORIES
318
POINTS 
1
RANK
13.3mi
DISTANCE (MI) 
61 / 130
AVG/MAX RPM
130 / 248
AVG/MAX WATTS 
18.0 / 23.7
AVG/MAX mph
0 / 0
AVG/MAX HR 
MINUTES IN RPM ZONES 
2
ZONE 1
28
ZONE 2
5
ZONE 3
8
ZONE 4
0
ZONE 5 
SHARE RESULTS 
<https://www.facebook.com/dialog/share?app_id=957944997560473&display=popup&redirect_uri=https%3A%2F%2Fwww.fitmetrix.io%2FWebPortal%2FSocialResults%3FID=0c47c143-f6fd-e611-9464-0e0c69fd6629%26pa=152510941&href=https%3A%2F%2Fwww.fitmetrix.io%2FWebPortal%2FSocialResults%3FID=0c47c143-f6fd-e611-9464-0e0c69fd6629%26pa=152510941&picture=https%3A%2F%2Fwww.fitmetrix.io%2Fimages%2Fsocial%2Fsharing.png&caption=Rukus+-+ATL+Beltline&description=I%20just%20burned%20513%20calories%20in%2044%20minutes%20working%20out%20at%20Rukus 
Cycling Studios%20Rukus - ATL Beltline.> 
BOOK A CLASS <https://gocyclenow.com> 

SPRINT PONTS RANK
1st: 30 sec 2 3
2nd: 30 sec 3 1
3rd: 30 sec 2 3 

[image: Rate Eve]
RATE YOUR CYCLEPRO
Eve
<https://www.fitmetrix.io/WebPortal/InstructorRating?r=1&id=152510941&iid=338770&n=Eve> 
<https://www.fitmetrix.io/WebPortal/InstructorRating?r=2&id=152510941&iid=338770&n=Eve> 
<https://www.fitmetrix.io/WebPortal/InstructorRating?r=3&id=152510941&iid=338770&n=Eve> 
<https://www.fitmetrix.io/WebPortal/InstructorRating?r=4&id=152510941&iid=338770&n=Eve> 
<https://www.fitmetrix.io/WebPortal/InstructorRating?r=5&id=152510941&iid=338770&n=Eve> 

WEEKLY TOTALS
459/1377
AVG / MAX CAL
1h 56m
TOTAL WORKOUT TIME
MONTHLY TOTALS
391/2740
AVG / MAX CAL
3h 48m
TOTAL WORKOUT TIME
https://gocyclenow.com • (470) 260-7746 <+1(470) 260-7746> • 
atlbeltline@rukusfranchise.com 
<https://www.facebook.com/RukusBeltLine/> 
<https://www.instagram.com/rukusbeltline> <https://twitter.com/GoCycleNow>"
3/10/2021 18:26,Rukus - ATL Beltline <atlbeltline@rukusfranchise.com>,Rukus | Ride Results,"

RukusPrime
Mar 10th 5:45 PM @ 5:45 PM 
463
CALORIES
289
POINTS 
6
RANK
12.5mi
DISTANCE (MI) 
55 / 102
AVG/MAX RPM
126 / 200
AVG/MAX WATTS 
18.0 / 22.0
AVG/MAX mph
0 / 0
AVG/MAX HR 
MINUTES IN RPM ZONES 
5
ZONE 1
25
ZONE 2
3
ZONE 3
6
ZONE 4
0
ZONE 5 
SHARE RESULTS 
<https://www.facebook.com/dialog/share?app_id=957944997560473&display=popup&redirect_uri=https%3A%2F%2Fwww.fitmetrix.io%2FWebPortal%2FSocialResults%3FID=0c47c143-f6fd-e611-9464-0e0c69fd6629%26pa=153289112&href=https%3A%2F%2Fwww.fitmetrix.io%2FWebPortal%2FSocialResults%3FID=0c47c143-f6fd-e611-9464-0e0c69fd6629%26pa=153289112&picture=https%3A%2F%2Fwww.fitmetrix.io%2Fimages%2Fsocial%2Fsharing.png&caption=Rukus+-+ATL+Beltline&description=I%20just%20burned%20463%20calories%20in%2041%20minutes%20working%20out%20at%20Rukus 
Cycling Studios%20Rukus - ATL Beltline.> 
BOOK A CLASS <https://gocyclenow.com> 

SPRINT PONTS RANK
1st: 30 sec 2 10
2nd: 30 sec 2 14
3rd: [SPRINT3TIME] sec [SPRINT3POINTS] [SPRINT3RANK] 

[image: Rate Sam]
RATE YOUR CYCLEPRO
Sam
<https://www.fitmetrix.io/WebPortal/InstructorRating?r=1&id=153289112&iid=382939&n=Sam> 
<https://www.fitmetrix.io/WebPortal/InstructorRating?r=2&id=153289112&iid=382939&n=Sam> 
<https://www.fitmetrix.io/WebPortal/InstructorRating?r=3&id=153289112&iid=382939&n=Sam> 
<https://www.fitmetrix.io/WebPortal/InstructorRating?r=4&id=153289112&iid=382939&n=Sam> 
<https://www.fitmetrix.io/WebPortal/InstructorRating?r=5&id=153289112&iid=382939&n=Sam> 

WEEKLY TOTALS
463/463
AVG / MAX CAL
0h 41m
TOTAL WORKOUT TIME
MONTHLY TOTALS
370/2222
AVG / MAX CAL
3h 7m
TOTAL WORKOUT TIME
https://gocyclenow.com • (470) 260-7746 <+1(470) 260-7746> • 
atlbeltline@rukusfranchise.com 
<https://www.facebook.com/RukusBeltLine/> 
<https://www.instagram.com/rukusbeltline> <https://twitter.com/GoCycleNow>"
3/17/2021 19:43:12,Rukus - ATL Beltline <atlbeltline@rukusfranchise.com>,Rukus | Ride Results,"

RukusImpulse
Mar 17th 7:00 PM @ 7:00 PM 
161 / 191
AVG/MAX HR
556
CALORIES 
3
RANK
278
POINTS 
MINUTES IN HEART RATE ZONES
PERCENT OF MAX HEART RATE 
0
ZONE 1
50% to 60%
7
ZONE 2
61% to 70%
5
ZONE 3
71% to 83%
2
ZONE 4
*GREEN LIGHT 84% to 91%*
28
ZONE 5
92% to 100% 
SHARE RESULTS 
<https://www.facebook.com/dialog/share?app_id=957944997560473&display=popup&redirect_uri=https%3A%2F%2Fwww.fitmetrix.io%2FWebPortal%2FSocialResults%3FID=0c47c143-f6fd-e611-9464-0e0c69fd6629%26pa=154031624&href=https%3A%2F%2Fwww.fitmetrix.io%2FWebPortal%2FSocialResults%3FID=0c47c143-f6fd-e611-9464-0e0c69fd6629%26pa=154031624&picture=https%3A%2F%2Fwww.fitmetrix.io%2Fimages%2Fsocial%2Fsharing.png&caption=Rukus+-+ATL+Beltline&description=I%20just%20burned%20556%20calories%20in%2044%20minutes%20working%20out%20at%20Rukus 
Cycling Studios%20Rukus - ATL Beltline.> 
BOOK A CLASS <https://gocyclenow.com>
$10 OFF IMPULSE MONITOR 
<https://gocyclenow.com/coupon/impulsecoupon2019.png> 

[image: Rate Rod]
RATE YOUR CYCLEPRO
Rod
<https://www.fitmetrix.io/WebPortal/InstructorRating?r=1&id=154031624&iid=407089&n=Rod> 
<https://www.fitmetrix.io/WebPortal/InstructorRating?r=2&id=154031624&iid=407089&n=Rod> 
<https://www.fitmetrix.io/WebPortal/InstructorRating?r=3&id=154031624&iid=407089&n=Rod> 
<https://www.fitmetrix.io/WebPortal/InstructorRating?r=4&id=154031624&iid=407089&n=Rod> 
<https://www.fitmetrix.io/WebPortal/InstructorRating?r=5&id=154031624&iid=407089&n=Rod> 

WEEKLY TOTALS
1019/1019
AVG / MAX CAL
1h 25m
TOTAL WORKOUT TIME
MONTHLY TOTALS
1016/2396
AVG / MAX CAL
3h 22m
TOTAL WORKOUT TIME
https://gocyclenow.com • (470) 260-7746 <+1(470) 260-7746> • 
atlbeltline@rukusfranchise.com 
<https://www.facebook.com/RukusBeltLine/> 
<https://www.instagram.com/rukusbeltline> <https://twitter.com/GoCycleNow>"
3/23/2021 19:43:35,Rukus - ATL Beltline <atlbeltline@rukusfranchise.com>,Rukus | Ride Results,"

RukusPrime
Mar 23rd 7:00 PM @ 7:00 PM 
484
CALORIES
299
POINTS 
1
RANK
12.0mi
DISTANCE (MI) 
65 / 116
AVG/MAX RPM
125 / 230
AVG/MAX WATTS 
18.0 / 23.1
AVG/MAX mph
0 / 0
AVG/MAX HR 
MINUTES IN RPM ZONES 
2
ZONE 1
21
ZONE 2
7
ZONE 3
12
ZONE 4
0
ZONE 5 
SHARE RESULTS 
<https://www.facebook.com/dialog/share?app_id=957944997560473&display=popup&redirect_uri=https%3A%2F%2Fwww.fitmetrix.io%2FWebPortal%2FSocialResults%3FID=0c47c143-f6fd-e611-9464-0e0c69fd6629%26pa=154562567&href=https%3A%2F%2Fwww.fitmetrix.io%2FWebPortal%2FSocialResults%3FID=0c47c143-f6fd-e611-9464-0e0c69fd6629%26pa=154562567&picture=https%3A%2F%2Fwww.fitmetrix.io%2Fimages%2Fsocial%2Fsharing.png&caption=Rukus+-+ATL+Beltline&description=I%20just%20burned%20484%20calories%20in%2043%20minutes%20working%20out%20at%20Rukus 
Cycling Studios%20Rukus - ATL Beltline.> 
BOOK A CLASS <https://gocyclenow.com> 

SPRINT PONTS RANK
1st: 30 sec 2 4
2nd: 30 sec 2 2
3rd: 30 sec 2 4 

[image: Rate Eve]
RATE YOUR CYCLEPRO
Eve
<https://www.fitmetrix.io/WebPortal/InstructorRating?r=1&id=154562567&iid=338770&n=Eve> 
<https://www.fitmetrix.io/WebPortal/InstructorRating?r=2&id=154562567&iid=338770&n=Eve> 
<https://www.fitmetrix.io/WebPortal/InstructorRating?r=3&id=154562567&iid=338770&n=Eve> 
<https://www.fitmetrix.io/WebPortal/InstructorRating?r=4&id=154562567&iid=338770&n=Eve> 
<https://www.fitmetrix.io/WebPortal/InstructorRating?r=5&id=154562567&iid=338770&n=Eve> 

WEEKLY TOTALS
1040/1040
AVG / MAX CAL
1h 27m
TOTAL WORKOUT TIME
MONTHLY TOTALS
1020/2880
AVG / MAX CAL
4h 5m
TOTAL WORKOUT TIME
https://gocyclenow.com • (470) 260-7746 <+1(470) 260-7746> • 
atlbeltline@rukusfranchise.com 
<https://www.facebook.com/RukusBeltLine/> 
<https://www.instagram.com/rukusbeltline> <https://twitter.com/GoCycleNow>"
3/28/2021 11:11:30,Rukus - ATL Beltline <atlbeltline@rukusfranchise.com>,Rukus | Ride Results,"

Brunch - RukusPrime
Mar 28th 10:30 AM @ 10:30 AM 
493
CALORIES
306
POINTS 
4
RANK
12.3mi
DISTANCE (MI) 
56 / 128
AVG/MAX RPM
133 / 230
AVG/MAX WATTS 
18.0 / 23.1
AVG/MAX mph
0 / 0
AVG/MAX HR 
MINUTES IN RPM ZONES 
6
ZONE 1
24
ZONE 2
4
ZONE 3
5
ZONE 4
0
ZONE 5 
SHARE RESULTS 
<https://www.facebook.com/dialog/share?app_id=957944997560473&display=popup&redirect_uri=https%3A%2F%2Fwww.fitmetrix.io%2FWebPortal%2FSocialResults%3FID=0c47c143-f6fd-e611-9464-0e0c69fd6629%26pa=155069831&href=https%3A%2F%2Fwww.fitmetrix.io%2FWebPortal%2FSocialResults%3FID=0c47c143-f6fd-e611-9464-0e0c69fd6629%26pa=155069831&picture=https%3A%2F%2Fwww.fitmetrix.io%2Fimages%2Fsocial%2Fsharing.png&caption=Rukus+-+ATL+Beltline&description=I%20just%20burned%20493%20calories%20in%2041%20minutes%20working%20out%20at%20Rukus 
Cycling Studios%20Rukus - ATL Beltline.> 
BOOK A CLASS <https://gocyclenow.com> 

SPRINT PONTS RANK
1st: 30 sec 2 6
2nd: 45 sec 3 7
3rd: [SPRINT3TIME] sec [SPRINT3POINTS] [SPRINT3RANK] 

[image: Rate Rod]
RATE YOUR CYCLEPRO
Rod
<https://www.fitmetrix.io/WebPortal/InstructorRating?r=1&id=155069831&iid=407089&n=Rod> 
<https://www.fitmetrix.io/WebPortal/InstructorRating?r=2&id=155069831&iid=407089&n=Rod> 
<https://www.fitmetrix.io/WebPortal/InstructorRating?r=3&id=155069831&iid=407089&n=Rod> 
<https://www.fitmetrix.io/WebPortal/InstructorRating?r=4&id=155069831&iid=407089&n=Rod> 
<https://www.fitmetrix.io/WebPortal/InstructorRating?r=5&id=155069831&iid=407089&n=Rod> 

WEEKLY TOTALS
488/977
AVG / MAX CAL
1h 24m
TOTAL WORKOUT TIME
MONTHLY TOTALS
1021/2884
AVG / MAX CAL
4h 4m
TOTAL WORKOUT TIME
https://gocyclenow.com • (470) 260-7746 <+1(470) 260-7746> • 
atlbeltline@rukusfranchise.com 
<https://www.facebook.com/RukusBeltLine/> 
<https://www.instagram.com/rukusbeltline> <https://twitter.com/GoCycleNow>"
4/13/2021 19:46:06,Rukus - ATL Beltline <atlbeltline@rukusfranchise.com>,"Nice job, here's your ride results!","
[image: Rukus]
Rukus - Ride Results
Mac Miller, Eminem & friends - RukusPrime @ Apr 13th 7:00 PM 
457 Calories 
284 Points
1 Class Rank 
12.6mi Distance 
62 / 126
Avg / Max RPM 
114 / 225
Avg / Max Watts
17.0 / 22.9
Avg / Max MPH 
0 / 0
Avg / Max HR 
Minutes in RPM Zones 
3
ZONE 1
26
ZONE 2
4
ZONE 3
9
ZONE 4
0
ZONE 5 
SPRINT PONTS RANK
1st: 30 sec 2 2
2nd: 30 sec 2 7 
Bring a Friend <https://gocyclenow.com/refer?member=[MEMBER EMAIL]> 
Book a Ride <https://rukus.click/applink> 
[image: Rate Eve]
Rate your CyclePro
Eve
<https://www.fitmetrix.io/WebPortal/InstructorRating?r=1&id=156947115&iid=338770&n=Eve> 
<https://www.fitmetrix.io/WebPortal/InstructorRating?r=2&id=156947115&iid=338770&n=Eve> 
<https://www.fitmetrix.io/WebPortal/InstructorRating?r=3&id=156947115&iid=338770&n=Eve> 
<https://www.fitmetrix.io/WebPortal/InstructorRating?r=4&id=156947115&iid=338770&n=Eve> 
<https://www.fitmetrix.io/WebPortal/InstructorRating?r=5&id=156947115&iid=338770&n=Eve> 
Weekly totals
457/457
Avg / Max Calories
0h 44m
Total Ride Time
Monthly Totals
1029/2536
Avg / Max Calories
3h 37m
Total Ride Time
https://gocyclenow.com • (470) 260-7746 <+1(470) 260-7746> 
<https://www.facebook.com/RukusBeltLine/> 
<https://www.instagram.com/rukusbeltline> <https://twitter.com/GoCycleNow>"
4/18/2021 11:12:16,Rukus - ATL Beltline <atlbeltline@rukusfranchise.com>,"Nice job, here's your ride results!","
[image: Rukus]
Rukus - Ride Results
DUO RIDE: Chris Brown vs T-Pain with JP - RukusPrime @ Apr 18th 10:30 AM 
508 Calories 
313 Points
3 Class Rank 
12.4mi Distance 
55 / 120
Avg / Max RPM 
136 / 201
Avg / Max Watts
19.0 / 22.0
Avg / Max MPH 
0 / 0
Avg / Max HR 
Minutes in RPM Zones 
2
ZONE 1
33
ZONE 2
3
ZONE 3
2
ZONE 4
0
ZONE 5 
SPRINT PONTS RANK
1st: 30 sec 2 10
2nd: 30 sec 2 16 
Bring a Friend <https://gocyclenow.com/refer?member=[MEMBER EMAIL]> 
Book a Ride <https://rukus.click/applink> 
[image: Rate Rod]
Rate your CyclePro
Rod
<https://www.fitmetrix.io/WebPortal/InstructorRating?r=1&id=157398916&iid=407089&n=Rod> 
<https://www.fitmetrix.io/WebPortal/InstructorRating?r=2&id=157398916&iid=407089&n=Rod> 
<https://www.fitmetrix.io/WebPortal/InstructorRating?r=3&id=157398916&iid=407089&n=Rod> 
<https://www.fitmetrix.io/WebPortal/InstructorRating?r=4&id=157398916&iid=407089&n=Rod> 
<https://www.fitmetrix.io/WebPortal/InstructorRating?r=5&id=157398916&iid=407089&n=Rod> 
Weekly totals
482/965
Avg / Max Calories
1h 26m
Total Ride Time
Monthly Totals
1031/2488
Avg / Max Calories
3h 34m
Total Ride Time
https://gocyclenow.com • (470) 260-7746 <+1(470) 260-7746> 
<https://www.facebook.com/RukusBeltLine/> 
<https://www.instagram.com/rukusbeltline> <https://twitter.com/GoCycleNow>"
4/21/2021 18:28:15,Rukus - ATL Beltline <atlbeltline@rukusfranchise.com>,"Nice job, here's your ride results!","
[image: Rukus]
Rukus - Ride Results
EXPLICIT: Drake, Migos + Fetty Wap - RukusPrime @ Apr 21st 5:45 PM 
552 Calories 
344 Points
5 Class Rank 
13.8mi Distance 
60 / 116
Avg / Max RPM 
143 / 212
Avg / Max Watts
19.0 / 22.4
Avg / Max MPH 
0 / 0
Avg / Max HR 
Minutes in RPM Zones 
2
ZONE 1
27
ZONE 2
3
ZONE 3
9
ZONE 4
0
ZONE 5 
SPRINT PONTS RANK
1st: 20 sec 2 8
2nd: 30 sec 2 8 
Bring a Friend <https://gocyclenow.com/refer?member=[MEMBER EMAIL]> 
Book a Ride <https://rukus.click/applink> 
[image: Rate Sam]
Rate your CyclePro
Sam
<https://www.fitmetrix.io/WebPortal/InstructorRating?r=1&id=157742696&iid=382939&n=Sam> 
<https://www.fitmetrix.io/WebPortal/InstructorRating?r=2&id=157742696&iid=382939&n=Sam> 
<https://www.fitmetrix.io/WebPortal/InstructorRating?r=3&id=157742696&iid=382939&n=Sam> 
<https://www.fitmetrix.io/WebPortal/InstructorRating?r=4&id=157742696&iid=382939&n=Sam> 
<https://www.fitmetrix.io/WebPortal/InstructorRating?r=5&id=157742696&iid=382939&n=Sam> 
Weekly totals
530/1060
Avg / Max Calories
1h 24m
Total Ride Time
Monthly Totals
1044/3040
Avg / Max Calories
4h 18m
Total Ride Time
https://gocyclenow.com • (470) 260-7746 <+1(470) 260-7746> 
<https://www.facebook.com/RukusBeltLine/> 
<https://www.instagram.com/rukusbeltline> <https://twitter.com/GoCycleNow>"
4/23/2021 18:31:10,Rukus - ATL Beltline <atlbeltline@rukusfranchise.com>,"Nice job, here's your ride results!","
[image: Rukus]
Rukus - Ride Results
Happy Hour - RukusPrime @ Apr 23rd 5:45 PM 
586 Calories 
366 Points
3 Class Rank 
14.7mi Distance 
58 / 115
Avg / Max RPM 
150 / 240
Avg / Max Watts
20.0 / 23.4
Avg / Max MPH 
0 / 0
Avg / Max HR 
Minutes in RPM Zones 
3
ZONE 1
28
ZONE 2
4
ZONE 3
6
ZONE 4
0
ZONE 5 

SPRINT POINTS RANK
1st: 45 sec 4 8
2nd: [SPRINT2TIME] sec [SPRINT2POINTS] [SPRINT2RANK] 
Bring a Friend <https://gocyclenow.com/refer?member=[MEMBER EMAIL]> 
Book a Ride <https://rukus.click/applink> 
[image: Rate J]
Rate your CyclePro
J
<https://www.fitmetrix.io/WebPortal/InstructorRating?r=1&id=158005099&iid=353295&n=J> 
<https://www.fitmetrix.io/WebPortal/InstructorRating?r=2&id=158005099&iid=353295&n=J> 
<https://www.fitmetrix.io/WebPortal/InstructorRating?r=3&id=158005099&iid=353295&n=J> 
<https://www.fitmetrix.io/WebPortal/InstructorRating?r=4&id=158005099&iid=353295&n=J> 
<https://www.fitmetrix.io/WebPortal/InstructorRating?r=5&id=158005099&iid=353295&n=J> 
Weekly totals
548/1646
Avg / Max Calories
2h 8m
Total Ride Time
Monthly Totals
1065/3142
Avg / Max Calories
4h 18m
Total Ride Time
https://gocyclenow.com • (470) 260-7746 <+1(470) 260-7746> 
<https://www.facebook.com/RukusBeltLine/> 
<https://www.instagram.com/rukusbeltline> <https://twitter.com/GoCycleNow>"
4/28/2021 19:41:19,Rukus - ATL Beltline <atlbeltline@rukusfranchise.com>,You did it! Here's your ImPulse results!,"
[image: Rukus]
Rukus - Ride Results
RukusImpulse @ Apr 28th 7:00 PM @ 7:00 PM 
170 / 195
Avg / Max HR 
533 Calories
8 Rank 
297 Points 
Minutes in Heart Rate Zone
Percentage of your maximum heart rate. 
1
ZONE 1
50 - 60 %
3
ZONE 2
61 - 70 %
3
ZONE 3
71 - 83 %
2
ZONE 4
84 - 91 %
32
ZONE 5
91 - 100 % 
Bring a Friend <https://gocyclenow.com/refer> 
Book a Ride <http://rukus.click/applink>
Save $10 off an ImPulse Monitor 
<https://gocyclenow.com/coupon/impulsecoupon2019.png> 
[image: Rate Rod]
Rate your CyclePro
Rod
<https://www.fitmetrix.io/WebPortal/InstructorRating?r=1&id=158459691&iid=407089&n=Rod> 
<https://www.fitmetrix.io/WebPortal/InstructorRating?r=2&id=158459691&iid=407089&n=Rod> 
<https://www.fitmetrix.io/WebPortal/InstructorRating?r=3&id=158459691&iid=407089&n=Rod> 
<https://www.fitmetrix.io/WebPortal/InstructorRating?r=4&id=158459691&iid=407089&n=Rod> 
<https://www.fitmetrix.io/WebPortal/InstructorRating?r=5&id=158459691&iid=407089&n=Rod> 
Weekly totals
1102/1671
Avg / Max Calories
2h 9m
Total Ride Time
Monthly Totals
1064/3182
Avg / Max Calories
4h 19m
Total Ride Time
https://gocyclenow.com • (470) 260-7746 <+1(470) 260-7746> 
<https://www.facebook.com/RukusBeltLine/> 
<https://www.instagram.com/rukusbeltline> <https://twitter.com/GoCycleNow>"
5/06/2021 18:27,Rukus - ATL Beltline <atlbeltline@rukusfranchise.com>,You did it! Here's your ImPulse results!,"
[image: Rukus]
Rukus - Ride Results
RukusImpulse @ May 6th 5:45 PM @ 5:45 PM 
175 / 192
Avg / Max HR 
499 Calories
11 Rank 
313 Points 
Minutes in Heart Rate Zone
Percentage of your maximum heart rate. 
0
ZONE 1
50 - 60 %
0
ZONE 2
61 - 70 %
0
ZONE 3
71 - 83 %
2
ZONE 4
84 - 91 %
36
ZONE 5
91 - 100 % 
Bring a Friend <https://gocyclenow.com/refer> 
Book a Ride <http://rukus.click/applink>
Save $10 off an ImPulse Monitor 
<https://gocyclenow.com/coupon/impulsecoupon2019.png> 
[image: Rate Jenn]
Rate your CyclePro
Jenn
<https://www.fitmetrix.io/WebPortal/InstructorRating?r=1&id=159212642&iid=431911&n=Jenn> 
<https://www.fitmetrix.io/WebPortal/InstructorRating?r=2&id=159212642&iid=431911&n=Jenn> 
<https://www.fitmetrix.io/WebPortal/InstructorRating?r=3&id=159212642&iid=431911&n=Jenn> 
<https://www.fitmetrix.io/WebPortal/InstructorRating?r=4&id=159212642&iid=431911&n=Jenn> 
<https://www.fitmetrix.io/WebPortal/InstructorRating?r=5&id=159212642&iid=431911&n=Jenn> 
Weekly totals
499/499
Avg / Max Calories
0h 40m
Total Ride Time
Monthly Totals
1041/3135
Avg / Max Calories
4h 16m
Total Ride Time
https://gocyclenow.com • (470) 260-7746 <+1(470) 260-7746> 
<https://www.facebook.com/RukusBeltLine/> 
<https://www.instagram.com/rukusbeltline> <https://twitter.com/GoCycleNow>"
5/23/2021 11:11:40,Rukus - ATL Beltline <atlbeltline@rukusfranchise.com>,"Nice job, here's your ride results!","
[image: Rukus]
Rukus - Ride Results
Rihanna vs Chris Brown Duo Ride w/ Daphne - RukusPrime @ May 23rd 10:30 AM 
534 Calories 
317 Points
2 Class Rank 
12.2mi Distance 
55 / 117
Avg / Max RPM 
137 / 227
Avg / Max Watts
19.0 / 23.0
Avg / Max MPH 
0 / 0
Avg / Max HR 
Minutes in RPM Zones 
1
ZONE 1
32
ZONE 2
2
ZONE 3
6
ZONE 4
0
ZONE 5 

SPRINT POINTS RANK
1st: 30 sec 2 7
2nd: 30 sec 2 3 
Bring a Friend <https://gocyclenow.com/refer?member=[MEMBER EMAIL]> 
Book a Ride <https://rukus.click/applink> 
[image: Rate Rod]
Rate your CyclePro
Rod
<https://www.fitmetrix.io/WebPortal/InstructorRating?r=1&id=160726918&iid=407089&n=Rod> 
<https://www.fitmetrix.io/WebPortal/InstructorRating?r=2&id=160726918&iid=407089&n=Rod> 
<https://www.fitmetrix.io/WebPortal/InstructorRating?r=3&id=160726918&iid=407089&n=Rod> 
<https://www.fitmetrix.io/WebPortal/InstructorRating?r=4&id=160726918&iid=407089&n=Rod> 
<https://www.fitmetrix.io/WebPortal/InstructorRating?r=5&id=160726918&iid=407089&n=Rod> 
Weekly totals
434/869
Avg / Max Calories
1h 15m
Total Ride Time
Monthly Totals
996/2952
Avg / Max Calories
4h 2m
Total Ride Time
https://gocyclenow.com • (470) 260-7746 <+1(470) 260-7746> 
<https://www.facebook.com/RukusBeltLine/> 
<https://www.instagram.com/rukusbeltline> <https://twitter.com/GoCycleNow>"
5/25/2021 18:28:05,Rukus - ATL Beltline <atlbeltline@rukusfranchise.com>,"Nice job, here's your ride results!","
[image: Rukus]
Rukus - Ride Results
RukusPrime @ May 25th 5:45 PM 
495 Calories 
307 Points
5 Class Rank 
13.0mi Distance 
63 / 125
Avg / Max RPM 
130 / 260
Avg / Max Watts
18.0 / 24.1
Avg / Max MPH 
0 / 0
Avg / Max HR 
Minutes in RPM Zones 
3
ZONE 1
23
ZONE 2
6
ZONE 3
9
ZONE 4
0
ZONE 5 

SPRINT POINTS RANK
1st: 20 sec 1 6
2nd: 30 sec 2 5 
Bring a Friend <https://gocyclenow.com/refer?member=[MEMBER EMAIL]> 
Book a Ride <https://rukus.click/applink> 
[image: Rate Jenn]
Rate your CyclePro
Jenn
<https://www.fitmetrix.io/WebPortal/InstructorRating?r=1&id=160976476&iid=431911&n=Jenn> 
<https://www.fitmetrix.io/WebPortal/InstructorRating?r=2&id=160976476&iid=431911&n=Jenn> 
<https://www.fitmetrix.io/WebPortal/InstructorRating?r=3&id=160976476&iid=431911&n=Jenn> 
<https://www.fitmetrix.io/WebPortal/InstructorRating?r=4&id=160976476&iid=431911&n=Jenn> 
<https://www.fitmetrix.io/WebPortal/InstructorRating?r=5&id=160976476&iid=431911&n=Jenn> 
Weekly totals
454/1364
Avg / Max Calories
1h 57m
Total Ride Time
Monthly Totals
973/2861
Avg / Max Calories
4h 1m
Total Ride Time
https://gocyclenow.com • (470) 260-7746 <+1(470) 260-7746> 
<https://www.facebook.com/RukusBeltLine/> 
<https://www.instagram.com/rukusbeltline> <https://twitter.com/GoCycleNow>"
6/06/2021 9:59,Rukus - ATL Beltline <atlbeltline@rukusfranchise.com>,"Nice job, here's your ride results!","
[image: Rukus]
Rukus - Ride Results
Brunch - RukusSurge (HIIT) @ Jun 6th 9:30 AM 
417 Calories 
234 Points
2 Class Rank 
9.4mi Distance 
60 / 94
Avg / Max RPM 
142 / 241
Avg / Max Watts
19.0 / 23.5
Avg / Max MPH 
0 / 0
Avg / Max HR 
Minutes in RPM Zones 
0
ZONE 1
21
ZONE 2
7
ZONE 3
3
ZONE 4
0
ZONE 5 

SPRINT POINTS RANK
1st: 20 sec 2 2
2nd: 15 sec 1 2 
Bring a Friend <https://gocyclenow.com/refer?member=[MEMBER EMAIL]> 
Book a Ride <https://rukus.click/applink> 
[image: Rate Maddie]
Rate your CyclePro
Maddie
<https://www.fitmetrix.io/WebPortal/InstructorRating?r=1&id=162007065&iid=487335&n=Maddie> 
<https://www.fitmetrix.io/WebPortal/InstructorRating?r=2&id=162007065&iid=487335&n=Maddie> 
<https://www.fitmetrix.io/WebPortal/InstructorRating?r=3&id=162007065&iid=487335&n=Maddie> 
<https://www.fitmetrix.io/WebPortal/InstructorRating?r=4&id=162007065&iid=487335&n=Maddie> 
<https://www.fitmetrix.io/WebPortal/InstructorRating?r=5&id=162007065&iid=487335&n=Maddie> 
Weekly totals
417/417
Avg / Max Calories
0h 32m
Total Ride Time
Monthly Totals
948/2745
Avg / Max Calories
3h 51m
Total Ride Time
https://gocyclenow.com • (470) 260-7746 <+1(470) 260-7746> 
<https://www.facebook.com/RukusBeltLine/> 
<https://www.instagram.com/rukusbeltline> <https://twitter.com/GoCycleNow>"
6/08/2021 18:28,Rukus - ATL Beltline <atlbeltline@rukusfranchise.com>,"Nice job, here's your ride results!","
[image: Rukus]
Rukus - Ride Results
RukusPrime @ Jun 8th 5:45 PM 
531 Calories 
331 Points
4 Class Rank 
13.7mi Distance 
66 / 119
Avg / Max RPM 
136 / 238
Avg / Max Watts
19.0 / 23.4
Avg / Max MPH 
0 / 0
Avg / Max HR 
Minutes in RPM Zones 
0
ZONE 1
24
ZONE 2
7
ZONE 3
11
ZONE 4
0
ZONE 5 

SPRINT POINTS RANK
1st: 30 sec 3 7
2nd: 30 sec 3 9 
Bring a Friend <https://gocyclenow.com/refer?member=[MEMBER EMAIL]> 
Book a Ride <https://rukus.click/applink> 
[image: Rate Jenn]
Rate your CyclePro
Jenn
<https://www.fitmetrix.io/WebPortal/InstructorRating?r=1&id=162258315&iid=431911&n=Jenn> 
<https://www.fitmetrix.io/WebPortal/InstructorRating?r=2&id=162258315&iid=431911&n=Jenn> 
<https://www.fitmetrix.io/WebPortal/InstructorRating?r=3&id=162258315&iid=431911&n=Jenn> 
<https://www.fitmetrix.io/WebPortal/InstructorRating?r=4&id=162258315&iid=431911&n=Jenn> 
<https://www.fitmetrix.io/WebPortal/InstructorRating?r=5&id=162258315&iid=431911&n=Jenn> 
Weekly totals
266/532
Avg / Max Calories
0h 44m
Total Ride Time
Monthly Totals
393/2361
Avg / Max Calories
3h 23m
Total Ride Time
https://gocyclenow.com • (470) 260-7746 <+1(470) 260-7746> 
<https://www.facebook.com/RukusBeltLine/> 
<https://www.instagram.com/rukusbeltline> <https://twitter.com/GoCycleNow>"
6/13/2021 9:59:47,Rukus - ATL Beltline <atlbeltline@rukusfranchise.com>,"Nice job, here's your ride results!","
[image: Rukus]
Rukus - Ride Results
Brunch - RukusSurge (HIIT) @ Jun 13th 9:30 AM 
428 Calories 
236 Points
1 Class Rank 
9.4mi Distance 
63 / 134
Avg / Max RPM 
143 / 244
Avg / Max Watts
19.0 / 23.6
Avg / Max MPH 
0 / 0
Avg / Max HR 
Minutes in RPM Zones 
0
ZONE 1
21
ZONE 2
5
ZONE 3
6
ZONE 4
0
ZONE 5 

SPRINT POINTS RANK
1st: 15 sec 2 1
2nd: 20 sec 1 6 
Bring a Friend <https://gocyclenow.com/refer?member=[MEMBER EMAIL]> 
Book a Ride <https://rukus.click/applink> 
[image: Rate Maddie]
Rate your CyclePro
Maddie
<https://www.fitmetrix.io/WebPortal/InstructorRating?r=1&id=162637129&iid=487335&n=Maddie> 
<https://www.fitmetrix.io/WebPortal/InstructorRating?r=2&id=162637129&iid=487335&n=Maddie> 
<https://www.fitmetrix.io/WebPortal/InstructorRating?r=3&id=162637129&iid=487335&n=Maddie> 
<https://www.fitmetrix.io/WebPortal/InstructorRating?r=4&id=162637129&iid=487335&n=Maddie> 
<https://www.fitmetrix.io/WebPortal/InstructorRating?r=5&id=162637129&iid=487335&n=Maddie> 
Weekly totals
320/960
Avg / Max Calories
1h 17m
Total Ride Time
Monthly Totals
398/2789
Avg / Max Calories
3h 56m
Total Ride Time
https://gocyclenow.com • (470) 260-7746 <+1(470) 260-7746> 
<https://www.facebook.com/RukusBeltLine/> 
<https://www.instagram.com/rukusbeltline> <https://twitter.com/GoCycleNow>"
6/15/2021 12:42:46,Rukus - ATL Beltline <atlbeltline@rukusfranchise.com>,"Nice job, here's your ride results!","
[image: Rukus]
Rukus - Ride Results
RukusPrime @ Jun 15th 12:00 PM 
531 Calories 
331 Points
1 Class Rank 
13.0mi Distance 
60 / 130
Avg / Max RPM 
139 / 259
Avg / Max Watts
19.0 / 24.1
Avg / Max MPH 
0 / 0
Avg / Max HR 
Minutes in RPM Zones 
2
ZONE 1
29
ZONE 2
3
ZONE 3
7
ZONE 4
0
ZONE 5 

SPRINT POINTS RANK
1st: 20 sec 2 3
2nd: 20 sec 2 1 
Bring a Friend <https://gocyclenow.com/refer?member=[MEMBER EMAIL]> 
Book a Ride <https://rukus.click/applink> 
[image: Rate Daphne]
Rate your CyclePro
Daphne
<https://www.fitmetrix.io/WebPortal/InstructorRating?r=1&id=162858425&iid=338788&n=Daphne> 
<https://www.fitmetrix.io/WebPortal/InstructorRating?r=2&id=162858425&iid=338788&n=Daphne> 
<https://www.fitmetrix.io/WebPortal/InstructorRating?r=3&id=162858425&iid=338788&n=Daphne> 
<https://www.fitmetrix.io/WebPortal/InstructorRating?r=4&id=162858425&iid=338788&n=Daphne> 
<https://www.fitmetrix.io/WebPortal/InstructorRating?r=5&id=162858425&iid=338788&n=Daphne> 
Weekly totals
496/1490
Avg / Max Calories
1h 59m
Total Ride Time
Monthly Totals
407/2855
Avg / Max Calories
3h 57m
Total Ride Time
https://gocyclenow.com • (470) 260-7746 <+1(470) 260-7746> 
<https://www.facebook.com/RukusBeltLine/> 
<https://www.instagram.com/rukusbeltline> <https://twitter.com/GoCycleNow>"
6/20/2021 11:13:13,Rukus - ATL Beltline <atlbeltline@rukusfranchise.com>,"Nice job, here's your ride results!","
[image: Rukus]
Rukus - Ride Results
Brunch - RukusPrime @ Jun 20th 10:30 AM 
520 Calories 
323 Points
2 Class Rank 
12.7mi Distance 
60 / 124
Avg / Max RPM 
134 / 262
Avg / Max Watts
19.0 / 24.2
Avg / Max MPH 
0 / 0
Avg / Max HR 
Minutes in RPM Zones 
3
ZONE 1
27
ZONE 2
2
ZONE 3
9
ZONE 4
0
ZONE 5 

SPRINT POINTS RANK
1st: 30 sec 3 5
2nd: 30 sec 2 8 
Bring a Friend <https://gocyclenow.com/refer?member=[MEMBER EMAIL]> 
Book a Ride <https://rukus.click/applink> 
[image: Rate Rod]
Rate your CyclePro
Rod
<https://www.fitmetrix.io/WebPortal/InstructorRating?r=1&id=163261637&iid=407089&n=Rod> 
<https://www.fitmetrix.io/WebPortal/InstructorRating?r=2&id=163261637&iid=407089&n=Rod> 
<https://www.fitmetrix.io/WebPortal/InstructorRating?r=3&id=163261637&iid=407089&n=Rod> 
<https://www.fitmetrix.io/WebPortal/InstructorRating?r=4&id=163261637&iid=407089&n=Rod> 
<https://www.fitmetrix.io/WebPortal/InstructorRating?r=5&id=163261637&iid=407089&n=Rod> 
Weekly totals
493/1479
Avg / Max Calories
1h 59m
Total Ride Time
Monthly Totals
434/3040
Avg / Max Calories
4h 9m
Total Ride Time
https://gocyclenow.com • (470) 260-7746 <+1(470) 260-7746> 
<https://www.facebook.com/RukusBeltLine/> 
<https://www.instagram.com/rukusbeltline> <https://twitter.com/GoCycleNow>"
7/04/2021 11:13,Rukus - ATL Beltline <atlbeltline@rukusfranchise.com>,"Nice job, here's your ride results!","
[image: Rukus]
Rukus - Ride Results
Brunch - RukusPrime @ Jul 4th 10:30 AM 
561 Calories 
347 Points
3 Class Rank 
12.8mi Distance 
56 / 99
Avg / Max RPM 
140 / 249
Avg / Max Watts
19.0 / 23.7
Avg / Max MPH 
0 / 0
Avg / Max HR 
Minutes in RPM Zones 
4
ZONE 1
29
ZONE 2
6
ZONE 3
4
ZONE 4
0
ZONE 5 

SPRINT POINTS RANK
1st: 30 sec 2 5
2nd: 30 sec 2 6 
Bring a Friend <https://gocyclenow.com/refer?member=[MEMBER EMAIL]> 
Book a Ride <https://rukus.click/applink> 
[image: Rate Rod]
Rate your CyclePro
Rod
<https://www.fitmetrix.io/WebPortal/InstructorRating?r=1&id=164760372&iid=407089&n=Rod> 
<https://www.fitmetrix.io/WebPortal/InstructorRating?r=2&id=164760372&iid=407089&n=Rod> 
<https://www.fitmetrix.io/WebPortal/InstructorRating?r=3&id=164760372&iid=407089&n=Rod> 
<https://www.fitmetrix.io/WebPortal/InstructorRating?r=4&id=164760372&iid=407089&n=Rod> 
<https://www.fitmetrix.io/WebPortal/InstructorRating?r=5&id=164760372&iid=407089&n=Rod> 
Weekly totals
543/1086
Avg / Max Calories
1h 28m
Total Ride Time
Monthly Totals
392/3140
Avg / Max Calories
4h 11m
Total Ride Time
https://gocyclenow.com • (470) 260-7746 <+1(470) 260-7746> 
<https://www.facebook.com/RukusBeltLine/> 
<https://www.instagram.com/rukusbeltline> <https://twitter.com/GoCycleNow>"
7/11/2021 11:11,Rukus - ATL Beltline <atlbeltline@rukusfranchise.com>,"Nice job, here's your ride results!","
[image: Rukus]
Rukus - Ride Results
Brunch - RukusPrime @ Jul 11th 10:30 AM 
546 Calories 
324 Points
1 Class Rank 
12.3mi Distance 
53 / 101
Avg / Max RPM 
141 / 253
Avg / Max Watts
19.0 / 23.9
Avg / Max MPH 
0 / 0
Avg / Max HR 
Minutes in RPM Zones 
3
ZONE 1
34
ZONE 2
3
ZONE 3
1
ZONE 4
0
ZONE 5 

SPRINT POINTS RANK
1st: 30 sec 2 8
2nd: 30 sec 2 4 
Bring a Friend <https://gocyclenow.com/refer?member=[MEMBER EMAIL]> 
Book a Ride <https://rukus.click/applink> 
[image: Rate Rod]
Rate your CyclePro
Rod
<https://www.fitmetrix.io/WebPortal/InstructorRating?r=1&id=165338498&iid=407089&n=Rod> 
<https://www.fitmetrix.io/WebPortal/InstructorRating?r=2&id=165338498&iid=407089&n=Rod> 
<https://www.fitmetrix.io/WebPortal/InstructorRating?r=3&id=165338498&iid=407089&n=Rod> 
<https://www.fitmetrix.io/WebPortal/InstructorRating?r=4&id=165338498&iid=407089&n=Rod> 
<https://www.fitmetrix.io/WebPortal/InstructorRating?r=5&id=165338498&iid=407089&n=Rod> 
Weekly totals
553/1107
Avg / Max Calories
1h 27m
Total Ride Time
Monthly Totals
450/3154
Avg / Max Calories
4h 10m
Total Ride Time
https://gocyclenow.com • (470) 260-7746 <+1(470) 260-7746> 
<https://www.facebook.com/RukusBeltLine/> 
<https://www.instagram.com/rukusbeltline> <https://twitter.com/GoCycleNow>"